year,home_team,away_team,match_result,draws_last_4y_difference,fifa_points_pre_tournament_difference,fifa_rank_pre_tournament_difference,finalist_difference,finals_before_difference,goals_received_last_4y_difference,goals_scored_last_4y_difference,groups_passed_before_difference,is_host_difference,losses_last_4y_difference,quarter_finalist_difference,quarterfinals_before_difference,round16_before_difference,semi_finalist_difference,semifinals_before_difference,squad_avg_age_difference,squad_total_market_value_eur_difference,winner_difference,wins_last_4y_difference,world_cup_participations_before_difference,world_cup_titles_before_difference,fifa_points_pre_tournament_ratio,goals_scored_last_4y_ratio,goals_received_last_4y_ratio,wins_last_4y_ratio,squad_avg_age_ratio,host_difference
2022,Argentina,France,Draw,1,14.100000000000136,-1,0,2,-13,-3,5,0,-2,0,1,2,0,-1,1.3000000000000007,-384800000.0,1,2,2,0,1.0080123651820114,0.9702970297029703,0.675,1.064516129032258,1.049056603773585,0
2022,Croatia,Morocco,Home Win,-1,82.1400000000001,-10,0,1,34,-7,1,0,8,0,2,1,0,2,1.1999999999999993,135900000.0,0,-8,0,0,1.0525359769747362,0.9213483146067416,2.1333333333333333,0.75,1.0458015267175573,0
2022,France,Morocco,Home Win,0,196.27999999999997,-18,1,3,10,12,8,0,0,0,8,6,0,6,0.3000000000000007,788900000.0,0,-1,10,2,1.125538855132715,1.1348314606741574,1.3333333333333333,0.96875,1.0114503816793894,0
2022,Argentina,Croatia,Home Win,2,128.24,-9,1,4,-37,16,12,0,-10,0,7,7,0,3,0.40000000000000213,268200000.0,1,9,12,2,1.0779271286551129,1.1951219512195121,0.421875,1.375,1.0145985401459854,0
2022,Morocco,Portugal,Home Win,0,-113.05999999999995,13,0,0,-4,-19,-3,0,-1,0,-2,-2,1,-2,-0.6000000000000014,-695900000.0,0,2,-2,0,0.932564298325142,0.8240740740740741,0.8823529411764706,1.0666666666666667,0.9776119402985074,0
2022,England,France,Away Win,-2,-31.309999999999945,1,-1,-2,-6,21,3,0,2,0,1,0,-1,-3,-0.10000000000000142,230000000.0,0,2,0,-1,0.9822080032731364,1.2079207920792079,0.85,1.064516129032258,0.9962264150943396,0
2022,Croatia,Brazil,Draw,1,-195.65999999999985,11,0,-5,45,-29,-17,0,11,0,-13,-9,1,-8,-0.5,-763000000.0,0,-13,-16,-5,0.8937381198066584,0.7387387387387387,3.3684210526315788,0.6486486486486487,0.982078853046595,0
2022,Netherlands,Argentina,Draw,-2,-79.37000000000012,5,-1,-2,17,13,-6,0,3,0,-4,-3,-1,0,-1.1999999999999993,-57950000.0,-1,-3,-7,-2,0.9552562743815816,1.1326530612244898,1.6296296296296295,0.9090909090909091,0.9568345323741008,0
2022,Morocco,Spain,Draw,-2,-151.72000000000003,15,0,-1,-8,-26,-9,0,0,1,-5,-7,1,-1,0.8999999999999986,-635900000.0,0,1,-10,-1,0.9115448747099497,0.7739130434782608,0.7894736842105263,1.032258064516129,1.0355731225296443,0
2022,Portugal,Switzerland,Home Win,-1,40.63999999999987,-6,0,0,-23,18,-3,0,-8,1,-1,-3,0,2,-0.1999999999999993,656000000.0,0,8,-4,0,1.0248422905765562,1.2,0.5964912280701754,1.3636363636363635,0.9925925925925926,0
2022,Japan,Croatia,Draw,-3,-86.10000000000014,12,0,-1,-24,45,1,0,-3,-1,-2,1,-1,-2,0.40000000000000213,-223000000.0,0,15,1,0,0.94767992999684,1.548780487804878,0.625,1.625,1.0145985401459854,0
2022,Brazil,Korea Republic,Home Win,-2,311.0,-27,0,6,-19,16,17,0,-4,1,14,9,0,9,0.09999999999999787,975520000.0,0,3,11,5,1.2032281252042083,1.168421052631579,0.5,1.088235294117647,1.0035971223021583,0
2022,France,Poland,Home Win,0,211.19000000000005,-22,1,3,-13,18,4,0,-8,1,6,5,1,4,-0.5,774400000.0,0,9,7,2,1.136375670771476,1.216867469879518,0.7547169811320755,1.4090909090909092,0.9814814814814815,0
2022,England,Senegal,Home Win,-3,143.8800000000001,-13,0,1,1,40,11,0,2,1,8,6,0,3,0.29999999999999716,1032000000.0,0,0,13,1,1.0907995128077295,1.4878048780487805,1.0303030303030303,1.0,1.011494252873563,0
2022,Netherlands,USA,Home Win,0,67.02999999999997,-8,0,3,-3,-8,3,0,-7,1,3,2,0,4,1.4000000000000021,309850000.0,0,-7,0,0,1.0411863740261016,0.9327731092436975,0.9361702127659575,0.8108108108108109,1.0555555555555556,0
2022,Argentina,Australia,Home Win,7,285.1600000000001,-35,1,5,8,29,13,0,-2,1,9,8,1,5,0.3000000000000007,606800000.0,1,12,12,2,1.1915471008651728,1.4202898550724639,1.4210526315789473,1.5714285714285714,1.010909090909091,0
2022,Korea Republic,Portugal,Home Win,0,-146.26,19,0,0,4,-13,-2,0,0,-1,-1,-1,0,-1,1.0,-772520000.0,0,4,3,0,0.9127618456840196,0.8796296296296297,1.1176470588235294,1.1333333333333333,1.037313432835821,0
2022,Ghana,Uruguay,Away Win,0,-245.71000000000004,47,0,-1,-9,-19,-8,0,-2,0,-5,-3,0,-4,-3.1000000000000014,-232800000.0,0,-4,-10,-2,0.8500588877836834,0.6984126984126984,0.7857142857142857,0.8,0.8884892086330934,0
2022,Cameroon,Brazil,Home Win,6,-369.8599999999999,42,0,-6,11,-59,-18,0,5,-1,-14,-10,0,-10,-1.5999999999999979,-985000000.0,0,-18,-14,-5,0.7991310487155814,0.46846846846846846,1.5789473684210527,0.5135135135135135,0.9426523297491041,0
2022,Serbia,Switzerland,Away Win,2,-72.30000000000018,6,0,0,-6,-2,0,0,-8,0,2,-4,0,2,-0.1999999999999993,78500000.0,0,3,1,0,0.9558046848256637,0.9777777777777777,0.8947368421052632,1.1363636363636365,0.9925925925925926,0
2022,Canada,Morocco,Away Win,-7,-88.5,19,0,0,4,37,-1,0,4,-1,0,-1,-1,0,0.6999999999999993,-53800000.0,0,-1,-4,0,0.9433962264150944,1.4157303370786516,1.1333333333333333,0.96875,1.0267175572519083,0
2022,Croatia,Belgium,Draw,4,-171.06999999999994,10,0,1,19,-47,-7,0,6,1,-1,-6,1,0,-0.40000000000000213,-186200000.0,0,-11,-8,0,0.9058352736540229,0.6356589147286822,1.4222222222222223,0.6857142857142857,0.9856115107913669,0
2022,Costa Rica,Germany,Away Win,-1,-146.62000000000012,20,0,-8,1,-65,-16,0,12,0,-15,-8,0,-13,0.5,-866750000.0,0,-6,-14,-4,0.9111507020318625,0.4583333333333333,1.0175438596491229,0.7692307692307693,1.0187265917602997,0
2022,Japan,Spain,Home Win,-6,-155.68000000000006,17,0,-1,2,12,-7,0,5,0,-5,-5,0,-1,2.5,-723000000.0,0,8,-9,-1,0.9092361329741957,1.1043478260869566,1.0526315789473684,1.2580645161290323,1.098814229249012,0
2022,Australia,Denmark,Home Win,-3,-177.8499999999999,28,0,0,-20,-39,-3,0,-4,0,-1,-3,0,0,0.3000000000000007,-314600000.0,0,-10,0,0,0.8932838104610068,0.6388888888888888,0.48717948717948717,0.6774193548387096,1.0110294117647058,0
2022,Tunisia,France,Home Win,-2,-252.24,26,-1,-3,-1,-17,-9,0,8,-1,-8,-7,-1,-6,1.3000000000000007,-967600000.0,0,2,-10,-2,0.8566639011694643,0.8316831683168316,0.975,1.064516129032258,1.049056603773585,0
2022,Saudi Arabia,Mexico,Away Win,4,-207.11000000000013,38,0,0,-20,-47,-8,0,-1,0,-2,-7,0,0,-1.1999999999999993,-150900000.0,0,-15,-11,0,0.8740888448467679,0.591304347826087,0.6875,0.6153846153846154,0.9578947368421052,0
2022,Poland,Argentina,Away Win,-1,-225.2900000000002,23,-1,-5,26,-15,-9,0,10,-1,-7,-7,-1,-3,-0.8000000000000007,-389600000.0,-1,-11,-9,-2,0.8729959185514239,0.8469387755102041,1.962962962962963,0.6666666666666666,0.9712230215827338,0
2022,Ecuador,Senegal,Away Win,4,-120.19999999999982,26,0,0,23,-18,0,0,9,0,-1,0,0,0,-0.5,-81500000.0,0,-15,1,0,0.9241444159056919,0.7804878048780488,1.696969696969697,0.5454545454545454,0.9808429118773946,0
2022,Netherlands,Qatar,Home Win,0,254.6199999999999,-42,0,3,-26,-2,8,-1,-11,1,5,6,0,5,-0.3999999999999986,572350000.0,0,-8,10,0,1.176832952517206,0.9823008849557522,0.6285714285714286,0.7894736842105263,0.9851851851851853,-1
2022,IR Iran,USA,Away Win,-5,-62.87000000000012,4,0,0,-25,-33,-5,0,-8,0,-2,-4,0,-1,3.6999999999999993,-217870000.0,0,-9,-5,0,0.9613697249735788,0.7226890756302521,0.46808510638297873,0.7567567567567568,1.1468253968253967,0
2022,Wales,England,Away Win,2,-158.6500000000001,14,0,-1,17,-68,-11,0,8,-1,-8,-7,0,-3,0.0,-1099850000.0,0,-12,-14,-1,0.9082136224522265,0.4426229508196721,1.5,0.6363636363636364,1.0,0
2022,Cameroon,Serbia,Draw,1,-92.17999999999984,22,0,0,-21,-36,-6,0,1,0,-4,-1,0,-2,-0.5,-204500000.0,0,-6,-5,0,0.9410470574692061,0.5909090909090909,0.5882352941176471,0.76,0.9813432835820896,0
2022,Korea Republic,Ghana,Away Win,0,137.29999999999995,-33,0,0,5,51,0,0,-3,0,0,0,0,1,3.1000000000000014,-52420000.0,0,18,7,0,1.0985642498205312,2.159090909090909,1.1515151515151516,2.125,1.125506072874494,0
2022,Brazil,Switzerland,Home Win,-3,205.37999999999988,-14,0,6,-38,21,12,0,-12,1,12,5,0,10,0.8999999999999986,859000000.0,0,15,10,5,1.1255440363831972,1.2333333333333334,0.3333333333333333,1.6818181818181819,1.0333333333333332,0
2022,Portugal,Uruguay,Home Win,0,37.84999999999991,-5,0,-1,-8,45,-6,0,-5,1,-4,-2,0,-2,-1.0,487300000.0,0,10,-6,-2,1.0230974363981424,1.7142857142857142,0.8095238095238095,1.5,0.9640287769784173,0
2022,Japan,Costa Rica,Away Win,-6,55.950000000000045,-7,0,0,-18,72,1,0,-9,0,-1,1,0,0,0.6000000000000014,135250000.0,0,19,1,0,1.0372109418125952,2.309090909090909,0.6896551724137931,1.95,1.022058823529412,0
2022,Belgium,Morocco,Away Win,-5,253.21000000000004,-20,0,0,15,40,8,0,2,-1,3,7,-1,2,1.6000000000000014,322100000.0,0,3,8,0,1.161950751519028,1.449438202247191,1.5,1.09375,1.0610687022900764,0
2022,Croatia,Canada,Home Win,6,170.6400000000001,-29,0,1,30,-44,2,0,4,1,2,2,1,2,0.5,189700000.0,0,-7,4,0,1.1156881355932204,0.6507936507936508,1.8823529411764706,0.7741935483870968,1.0185873605947955,0
2022,Spain,Germany,Draw,-1,65.00999999999999,-4,0,-7,-19,-5,-8,0,-2,0,-11,-2,0,-12,-1.3999999999999986,-8500000.0,0,5,-4,-3,1.039394986092679,0.9583333333333334,0.6666666666666666,1.1923076923076923,0.9475655430711611,0
2022,Tunisia,Australia,Away Win,4,18.819999999999936,-8,0,0,20,15,-1,0,8,0,0,-1,0,0,0.3000000000000007,24000000.0,0,12,0,0,1.0126417324950292,1.2173913043478262,2.0526315789473686,1.5714285714285714,1.010909090909091,0
2022,Poland,Saudi Arabia,Home Win,-5,110.80999999999995,-25,0,0,9,15,4,0,-1,0,2,1,0,2,-0.3000000000000007,230400000.0,0,-2,3,0,1.077070205455633,1.2205882352941178,1.2045454545454546,0.9166666666666666,0.9890109890109889,0
2022,France,Denmark,Home Win,3,93.21000000000004,-6,1,3,1,-7,5,0,-4,1,7,3,1,6,-0.6999999999999993,677000000.0,0,0,10,2,1.055929243896146,0.9351851851851852,1.0256410256410255,1.0,0.9742647058823529,0
2022,Argentina,Mexico,Home Win,0,128.99,-10,1,5,-37,-17,5,0,-12,1,7,1,1,5,-0.6999999999999993,469100000.0,1,-6,1,2,1.0784186176583237,0.8521739130434782,0.421875,0.8461538461538461,0.9754385964912281,0
2022,Wales,IR Iran,Away Win,6,5.210000000000036,-1,0,0,29,-32,1,0,10,0,1,0,0,0,-2.5,100620000.0,0,-7,-4,0,1.0033299032985856,0.627906976744186,2.3181818181818183,0.75,0.9134948096885813,0
2022,Qatar,Senegal,Away Win,-2,-144.69999999999982,32,0,0,37,31,-1,1,12,0,-1,-1,0,0,0.8999999999999986,-213100000.0,0,5,-2,0,0.9086830031743228,1.3780487804878048,2.121212121212121,1.1515151515151516,1.0344827586206895,1
2022,Netherlands,Ecuador,Draw,-6,230.1199999999999,-36,0,3,-12,47,7,0,-8,1,5,5,0,5,1.0,440750000.0,0,12,7,0,1.1571439302371636,1.734375,0.7857142857142857,1.6666666666666667,1.0390625,0
2022,England,USA,Draw,-1,100.99000000000001,-11,0,1,-13,3,7,0,-6,1,7,3,0,2,1.1999999999999993,982600000.0,0,-4,5,1,1.0620529898984934,1.0252100840336134,0.723404255319149,0.8918918918918919,1.0476190476190477,0
2022,Switzerland,Cameroon,Home Win,-3,164.48000000000002,-28,0,0,27,38,6,0,7,0,2,5,0,0,0.6999999999999993,126000000.0,0,3,4,0,1.1117816560648073,1.7307692307692308,1.9,1.1578947368421053,1.026615969581749,0
2022,Uruguay,Korea Republic,Draw,0,108.41000000000008,-14,0,1,4,-32,8,0,5,0,5,3,0,3,0.0,285220000.0,0,-14,3,2,1.0708423184996407,0.6631578947368421,1.105263157894737,0.5882352941176471,1.0,0
2022,Portugal,Ghana,Home Win,0,283.55999999999995,-52,0,0,1,64,2,0,-3,1,1,1,0,2,2.1000000000000014,720100000.0,0,14,4,0,1.2035606604450826,2.4545454545454546,1.0303030303030303,1.875,1.0850202429149798,0
2022,Brazil,Serbia,Home Win,-5,277.68000000000006,-20,0,6,-32,23,12,0,-4,1,10,9,0,8,1.0999999999999979,780500000.0,0,12,9,5,1.1775879049897033,1.2613636363636365,0.37254901960784315,1.48,1.0410447761194028,0
2022,Morocco,Croatia,Draw,1,-82.1400000000001,10,0,-1,-34,7,-1,0,-8,0,-2,-1,0,-2,-1.1999999999999993,-135900000.0,0,8,0,0,0.9500862886171945,1.0853658536585367,0.46875,1.3333333333333333,0.9562043795620438,0
2022,Germany,Japan,Away Win,7,90.67000000000007,-13,0,8,17,-7,15,0,-3,0,16,7,0,13,-1.1000000000000014,731500000.0,0,-13,13,4,1.0581389384049142,0.9448818897637795,1.425,0.6666666666666666,0.9604316546762589,0
2022,Spain,Costa Rica,Home Win,0,211.6300000000001,-24,0,1,-20,60,8,0,-14,0,4,6,0,1,-1.8999999999999986,858250000.0,0,11,10,1,1.1407498054655858,2.090909090909091,0.6551724137931034,1.55,0.9301470588235294,0
2022,Belgium,Canada,Home Win,2,341.71000000000004,-39,0,0,11,3,9,0,-2,0,3,8,0,2,0.9000000000000021,375900000.0,0,4,12,0,1.2316677966101695,1.0238095238095237,1.3235294117647058,1.1290322580645162,1.033457249070632,0
2022,Argentina,Saudi Arabia,Away Win,-4,336.10000000000014,-48,1,5,-17,30,13,0,-11,1,9,8,1,5,0.5,620000000.0,1,9,12,2,1.2337631626535355,1.4411764705882353,0.6136363636363636,1.375,1.0183150183150182,0
2022,Denmark,Tunisia,Draw,-1,159.02999999999997,-20,0,0,0,24,4,0,-4,0,1,4,0,0,-0.6000000000000014,290600000.0,0,-2,0,0,1.105489738249068,1.2857142857142858,1.0,0.9393939393939394,0.9784172661870503,0
2022,Mexico,Poland,Draw,1,96.30000000000018,-13,0,0,11,32,4,0,2,0,0,6,0,-2,1.5,-79500000.0,0,17,8,0,1.06218560109519,1.3855421686746987,1.2075471698113207,1.7727272727272727,1.0555555555555556,0
2022,France,Australia,Home Win,6,271.05999999999995,-34,1,3,21,32,8,0,0,1,8,6,1,6,-1.0,991600000.0,0,10,10,2,1.1820758772636897,1.463768115942029,2.1052631578947367,1.4761904761904763,0.9636363636363636,0
2022,England,IR Iran,Home Win,4,163.86000000000013,-15,0,1,12,36,12,0,2,1,9,7,0,3,-2.5,1200470000.0,0,5,10,1,1.1047289739935193,1.4186046511627908,1.5454545454545454,1.1785714285714286,0.9134948096885813,0
2022,Senegal,Netherlands,Away Win,2,-109.92000000000007,10,0,-3,-11,-29,-7,0,-1,-1,-4,-5,0,-5,-0.5,-359250000.0,0,3,-8,0,0.9351316899870759,0.7387387387387387,0.75,1.1,0.981203007518797,0
2022,USA,Wales,Draw,-1,57.66000000000008,-3,0,0,-4,65,4,0,-2,0,1,4,0,1,-1.1999999999999993,117250000.0,0,16,9,0,1.0367303257698335,2.2037037037037037,0.9215686274509803,1.7619047619047619,0.9545454545454546,0
2022,Qatar,Ecuador,Away Win,-6,-24.5,6,0,0,14,49,-1,1,3,0,0,-1,0,0,1.3999999999999986,-131600000.0,0,20,-3,0,0.9832694842220993,1.765625,1.25,2.111111111111111,1.0546875,1
2018,France,Croatia,Home Win,-2,253.0,-13,0,2,16,18,7,0,0,0,6,5,0,4,-1.8699999999999974,665830000.0,1,8,10,1,1.2677248677248678,1.2307692307692308,1.5517241379310345,1.32,0.9329749103942653,0
2018,Belgium,England,Home Win,-2,248.0,-9,0,-1,10,37,-3,0,0,0,-6,1,0,-1,1.5399999999999991,-119880000.0,0,1,-2,-1,1.2361904761904763,1.4683544303797469,1.3571428571428572,1.0344827586206897,1.0591170825335892,0
2018,Croatia,England,Home Win,0,-105.0,8,1,-1,1,-1,-10,0,3,0,-7,-5,0,-1,1.8499999999999979,-509490000.0,0,-4,-10,-1,0.9,0.9873417721518988,1.0357142857142858,0.8620689655172413,1.0710172744721689,0
2018,France,Belgium,Home Win,0,-100.0,4,1,2,7,-20,0,0,3,0,5,-1,0,4,-1.5599999999999987,276220000.0,1,3,2,1,0.9229583975346687,0.8275862068965517,1.1842105263157894,1.1,0.9434577745559986,0
2018,Sweden,England,Away Win,5,-171.0,12,0,0,12,-8,-3,0,8,0,-4,-2,-1,1,2.1899999999999977,-753490000.0,0,-9,-3,-1,0.8371428571428572,0.8987341772151899,1.4285714285714286,0.6896551724137931,1.0840690978886756,0
2018,Russia,Croatia,Draw,1,-489.0,50,-1,0,25,-13,-1,1,8,0,-1,-1,-1,-1,0.9400000000000013,-202000000.0,0,-10,-1,0,0.48253968253968255,0.8333333333333334,1.8620689655172413,0.6,1.0336917562724015,1
2018,Uruguay,France,Away Win,0,-180.0,7,-1,-1,-3,-29,1,0,4,0,-2,-2,-1,-1,2.099999999999998,-656840000.0,-1,-12,-2,1,0.8497495826377296,0.6979166666666666,0.9333333333333333,0.6363636363636364,1.0806761429120244,0
2018,Brazil,Belgium,Away Win,0,132.0,-1,0,6,-16,-21,10,0,-1,0,12,3,-1,9,1.0100000000000016,226770000.0,0,3,8,5,1.1016949152542372,0.8189655172413793,0.5789473684210527,1.1,1.03660746647336,0
2018,Sweden,Switzerland,Home Win,8,-319.0,18,0,1,9,-4,2,0,5,1,1,-1,0,3,1.0599999999999987,-98240000.0,0,-5,1,0,0.7337228714524207,0.9466666666666667,1.2903225806451613,0.8,1.0389992641648271,0
2018,Colombia,England,Draw,3,-65.0,4,0,-1,9,-22,-9,0,6,-1,-7,-4,-1,-2,2.34,-622280000.0,0,-10,-9,-1,0.9380952380952381,0.7215189873417721,1.3214285714285714,0.6551724137931034,1.089827255278311,0
2018,Brazil,Mexico,Home Win,-10,441.0,-13,0,6,-45,-12,10,0,-8,1,12,3,0,10,-0.639999999999997,827870000.0,0,-4,5,5,1.4459049544994944,0.8878504672897196,0.3283582089552239,0.8918918918918919,0.9781121751025993,0
2018,Belgium,Japan,Home Win,-3,778.0,-58,0,0,-12,9,6,0,-7,1,2,5,1,1,-0.9899999999999984,677730000.0,0,2,7,0,2.496153846153846,1.0841121495327102,0.76,1.0714285714285714,0.9653603918824353,0
2018,Spain,Russia,Draw,-3,669.0,-60,0,1,-25,38,9,-1,-9,-1,5,7,0,1,-0.3500000000000014,811390000.0,0,14,11,1,2.4671052631578947,1.5846153846153845,0.5370370370370371,1.9333333333333333,0.9878640776699029,-1
2018,Croatia,Denmark,Draw,-2,-106.0,8,1,0,-7,17,-2,0,-3,1,0,-2,1,1,0.759999999999998,104600000.0,0,8,0,0,0.8991436726926736,1.278688524590164,0.8055555555555556,1.4705882352941178,1.028002947678703,0
2018,France,Argentina,Home Win,-4,-43.0,2,1,-3,5,1,-5,0,0,1,-2,-2,1,0,-3.4899999999999984,351150000.0,1,6,-2,-1,0.9653505237711523,1.0105263157894737,1.125,1.2222222222222223,0.8817750677506776,0
2018,Uruguay,Portugal,Home Win,-1,-255.0,10,0,1,6,-33,6,0,2,1,3,2,0,2,-0.240000000000002,-121380000.0,0,-12,6,2,0.7996857816182247,0.67,1.1666666666666667,0.6363636363636364,0.9915403595347198,0
2018,Japan,Poland,Away Win,-2,-662.0,53,0,0,10,16,-3,0,7,0,-2,0,0,-2,0.2699999999999996,-198760000.0,0,6,-2,0,0.43993231810490696,1.1758241758241759,1.25,1.2727272727272727,1.0095372659837514,0
2018,Senegal,Colombia,Away Win,0,-148.0,11,0,0,-12,13,-1,0,-6,0,0,-1,0,0,-1.4000000000000021,48350000.0,0,8,-4,0,0.849746192893401,1.2280701754385965,0.6756756756756757,1.4210526315789473,0.9506868615709756,0
2018,England,Belgium,Away Win,2,-248.0,9,0,1,-10,-37,3,0,0,0,6,-1,0,1,-1.5399999999999991,119880000.0,0,-1,2,1,0.8089368258859785,0.6810344827586207,0.7368421052631579,0.9666666666666667,0.9441826748822038,0
2018,Panama,Tunisia,Away Win,3,-338.0,34,0,0,18,-8,0,0,8,0,0,0,0,0,2.34,-52550000.0,0,-4,-4,0,0.6281628162816282,0.8787878787878788,1.4090909090909092,0.8095238095238095,1.088202035431587,0
2018,Korea Republic,Germany,Home Win,1,-1015.0,56,0,-8,5,-19,-16,0,4,0,-15,-8,0,-12,0.6499999999999986,-794690000.0,0,3,-9,-4,0.3485237483953787,0.8288288288288288,1.108695652173913,1.1,1.0239498894620487,0
2018,Mexico,Sweden,Away Win,3,110.0,-9,0,-1,27,36,0,0,-1,-1,-2,3,0,-3,1.0,32510000.0,0,17,4,0,1.1251422070534698,1.5070422535211268,1.675,1.85,1.0354107648725213,0
2018,Switzerland,Costa Rica,Draw,-6,314.0,-17,0,0,-28,5,4,0,-7,0,2,3,0,0,-2.6000000000000014,177920000.0,0,4,6,0,1.3552036199095023,1.0714285714285714,0.5254237288135594,1.1904761904761905,0.9126930826057756,0
2018,Serbia,Brazil,Away Win,0,-680.0,32,0,-6,23,-40,-11,0,9,-1,-9,-8,0,-8,-1.8399999999999999,-696300000.0,0,-17,-9,-5,0.5244755244755245,0.5789473684210527,2.0454545454545454,0.48484848484848486,0.9356643356643357,0
2018,Australia,Peru,Away Win,0,-407.0,25,0,0,1,9,-1,0,-1,0,-1,1,0,0,0.6899999999999977,11730000.0,0,-3,0,0,0.6382222222222222,1.118421052631579,1.0212765957446808,0.8846153846153846,1.0251457725947521,0
2018,Denmark,France,Draw,4,-147.0,5,-1,-2,-9,-35,-5,0,3,-1,-6,-3,-1,-5,1.1099999999999994,-770430000.0,-1,-16,-10,-1,0.8772954924874792,0.6354166666666666,0.8,0.5151515151515151,1.0426431041106416,0
2018,Iceland,Croatia,Away Win,-1,-37.0,2,-1,0,35,7,-1,0,10,-1,-1,-1,-1,-1,0.6799999999999997,-288260000.0,0,-1,-4,0,0.9608465608465608,1.0897435897435896,2.206896551724138,0.96,1.0243727598566308,0
2018,Nigeria,Argentina,Away Win,-2,-624.0,43,0,-5,-7,-47,-10,0,3,0,-9,-5,0,-5,-3.5599999999999987,-543600000.0,0,-11,-11,-2,0.49717969379532634,0.5052631578947369,0.825,0.5925925925925926,0.8794037940379404,0
2018,Saudi Arabia,Egypt,Home Win,1,-184.0,22,0,0,39,47,0,0,5,0,0,0,0,0,-0.25,-178230000.0,0,2,2,0,0.7164869029275809,1.94,2.4444444444444446,1.0869565217391304,0.9913733609385783,0
2018,Uruguay,Russia,Home Win,-3,562.0,-56,0,1,-12,2,9,-1,-4,0,5,4,0,4,-0.7100000000000009,210990000.0,0,6,9,2,2.232456140350877,1.0307692307692307,0.7777777777777778,1.4,0.9753814147018031,-1
2018,Spain,Morocco,Draw,0,440.0,-31,0,1,10,33,8,0,-1,0,5,6,0,1,1.259999999999998,843700000.0,0,3,10,1,1.6423357664233578,1.4714285714285715,1.5263157894736843,1.1153846153846154,1.0462724935732648,0
2018,IR Iran,Portugal,Draw,0,-565.0,33,0,0,-14,-16,-3,0,-6,0,-2,-2,0,-2,-1.1400000000000006,-447260000.0,0,-3,-2,0,0.5561665357423409,0.84,0.6111111111111112,0.9090909090909091,0.9598167077899189,0
2018,England,Panama,Home Win,-7,479.0,-43,0,1,-34,21,11,0,-13,1,8,6,1,2,-2.8200000000000003,866860000.0,0,12,14,1,1.838879159369527,1.3620689655172413,0.45161290322580644,1.7058823529411764,0.9023207481815033,0
2018,Japan,Senegal,Draw,-2,-317.0,34,0,0,25,37,1,0,7,0,-1,1,0,0,1.5899999999999999,-223680000.0,0,1,4,0,0.6212664277180406,1.5285714285714285,2.0,1.037037037037037,1.0589107076695072,0
2018,Poland,Colombia,Away Win,0,197.0,-8,0,0,3,34,3,0,-6,0,1,0,0,2,-0.08000000000000185,23430000.0,0,3,2,0,1.2,1.5964912280701755,1.0810810810810811,1.1578947368421053,0.9971821063754842,0
2018,Belgium,Tunisia,Home Win,-6,389.0,-18,0,0,-6,50,8,0,-5,1,2,7,1,1,1.0599999999999987,694430000.0,0,9,8,0,1.427942794279428,1.7575757575757576,0.8636363636363636,1.4285714285714286,1.039954768186958,0
2018,Korea Republic,Mexico,Away Win,-7,-446.0,42,0,0,-16,-15,-6,0,2,0,-1,-5,0,1,-1.4499999999999993,-64720000.0,0,-4,-6,0,0.5490394337714863,0.8598130841121495,0.7611940298507462,0.8918918918918919,0.9504103967168263,0
2018,Germany,Sweden,Home Win,-5,679.0,-23,0,7,6,40,10,0,-3,-1,12,6,0,10,-1.0999999999999979,762480000.0,0,10,7,4,1.7724687144482367,1.5633802816901408,1.15,1.5,0.9610481586402267,0
2018,Brazil,Costa Rica,Home Win,-5,546.0,-21,0,6,-37,25,16,0,-11,1,13,8,0,10,-1.1799999999999997,940060000.0,0,12,16,5,1.6176470588235294,1.3571428571428572,0.3728813559322034,1.5714285714285714,0.9603760913364674,0
2018,Nigeria,Iceland,Home Win,1,-291.0,26,0,0,-31,-37,3,0,-7,0,0,3,0,0,-2.6199999999999974,59340000.0,0,-8,5,0,0.6795154185022027,0.5647058823529412,0.515625,0.6666666666666666,0.9083275017494753,0
2018,Serbia,Switzerland,Away Win,1,-448.0,28,0,0,14,-20,1,0,5,0,2,-3,0,2,-0.41999999999999815,65840000.0,0,-9,1,0,0.6260434056761269,0.7333333333333333,1.4516129032258065,0.64,0.9845474613686535,0
2018,Denmark,Australia,Draw,0,333.0,-24,0,0,-12,-24,2,0,0,0,1,2,0,0,-0.9899999999999984,208830000.0,0,-6,0,0,1.4637883008356547,0.7176470588235294,0.75,0.7391304347826086,0.9648062566654817,0
2018,France,Peru,Home Win,-4,73.0,-4,1,2,-2,20,6,0,-4,1,6,6,1,5,-1.4100000000000001,990990000.0,1,7,10,1,1.064888888888889,1.263157894736842,0.9574468085106383,1.2692307692307692,0.9486151603498543,0
2018,Argentina,Croatia,Away Win,2,296.0,-15,-1,5,11,17,12,0,0,-1,8,7,-1,4,1.620000000000001,314680000.0,0,2,12,2,1.3132275132275133,1.2179487179487178,1.3793103448275863,1.08,1.0580645161290323,0
2018,Portugal,Morocco,Home Win,1,588.0,-37,0,0,17,30,2,0,2,0,2,1,0,2,1.1400000000000006,364680000.0,0,7,2,0,1.8583941605839416,1.4285714285714286,1.894736842105263,1.2692307692307692,1.04186558942343,0
2018,Uruguay,Saudi Arabia,Home Win,0,553.0,-53,0,1,-24,-30,8,0,-6,1,5,3,0,4,-0.6000000000000014,353830000.0,0,-4,8,2,2.189247311827957,0.6907216494845361,0.6363636363636364,0.84,0.9791159067177166,0
2018,IR Iran,Spain,Away Win,1,-417.0,27,0,-1,-7,-19,-9,0,-3,0,-5,-7,0,-1,-1.259999999999998,-926280000.0,0,1,-10,-1,0.6293333333333333,0.8155339805825242,0.7586206896551724,1.0344827586206897,0.9557739557739559,0
2018,Colombia,Japan,Away Win,2,465.0,-45,0,0,-13,-50,0,0,-1,0,1,0,0,0,-0.18999999999999773,175330000.0,0,-9,0,0,1.8942307692307692,0.5327102803738317,0.74,0.6785714285714286,0.9933519944016795,0
2018,Poland,Senegal,Away Win,0,345.0,-19,0,0,15,21,4,0,0,0,1,1,0,2,1.3200000000000003,-24920000.0,0,-5,6,0,1.4121863799283154,1.3,1.6,0.8148148148148148,1.0489070025935532,0
2018,Russia,Egypt,Home Win,4,-193.0,25,0,0,27,15,-1,1,3,1,0,-1,0,0,-0.14000000000000057,-35390000.0,0,-8,1,0,0.7026194144838213,1.3,2.0,0.6521739130434783,0.9951690821256038,1
2018,Sweden,Korea Republic,Home Win,4,336.0,-33,0,1,-11,-21,6,0,-1,1,3,2,0,2,0.4499999999999993,32210000.0,0,-13,2,0,1.6187845303867403,0.7717391304347826,0.7843137254901961,0.6060606060606061,1.0161928751349405,0
2018,Belgium,Panama,Home Win,-9,727.0,-52,0,0,-24,58,8,0,-13,1,2,7,1,1,-1.2800000000000011,746980000.0,0,13,12,0,2.273204903677758,2.0,0.6129032258064516,1.7647058823529411,0.9556633183235191,0
2018,Tunisia,England,Away Win,4,-141.0,9,0,-1,16,-13,-11,0,5,-1,-8,-6,-1,-2,0.4800000000000004,-814310000.0,0,-8,-10,-1,0.8657142857142858,0.8354430379746836,1.5714285714285714,0.7241379310344828,1.018426103646833,0
2018,Costa Rica,Serbia,Away Win,5,134.0,-11,0,0,14,15,-5,0,2,0,-4,0,0,-2,3.0199999999999996,-243760000.0,0,5,-7,0,1.1786666666666668,1.2727272727272727,1.3111111111111111,1.3125,1.1128550074738415,0
2018,Germany,Mexico,Away Win,-8,569.0,-14,0,8,-21,4,10,0,-2,0,14,3,0,13,-2.099999999999998,729970000.0,0,-7,3,4,1.5753286147623862,1.0373831775700935,0.6865671641791045,0.8108108108108109,0.9281805745554036,0
2018,Brazil,Switzerland,Draw,1,232.0,-4,0,6,-9,20,12,0,-4,1,11,5,0,10,1.4200000000000017,762140000.0,0,8,10,5,1.1936560934891485,1.2666666666666666,0.7096774193548387,1.32,1.05224429727741,0
2018,France,Australia,Home Win,-4,480.0,-29,1,2,-3,11,7,0,-3,1,7,5,1,5,-2.099999999999998,979260000.0,1,10,10,1,1.6685236768802227,1.1294117647058823,0.9375,1.434782608695652,0.9253466050479915,0
2018,Argentina,Iceland,Draw,3,333.0,-17,0,5,-24,10,13,0,-10,0,9,8,0,5,0.9400000000000013,602940000.0,0,3,16,2,1.3667400881057268,1.1176470588235294,0.625,1.125,1.0328901329601121,0
2018,Peru,Denmark,Away Win,0,74.0,-1,0,0,11,15,-1,0,1,0,0,-3,0,0,0.3000000000000007,-220560000.0,0,9,0,0,1.070409134157945,1.2459016393442623,1.3055555555555556,1.5294117647058822,1.01105379513633,0
2018,Croatia,Nigeria,Home Win,0,328.0,-28,1,0,-4,30,-2,0,-3,1,1,-2,1,1,1.9399999999999977,228920000.0,0,9,-1,0,1.5316045380875203,1.625,0.8787878787878788,1.5625,1.0747303543913713,0
2018,Egypt,Uruguay,Away Win,-1,-369.0,31,0,-1,-15,-17,-8,0,1,-1,-5,-3,0,-4,0.8500000000000014,-175600000.0,0,2,-10,-2,0.637524557956778,0.746268656716418,0.6428571428571429,1.0952380952380953,1.0302168503377178,0
2018,Morocco,IR Iran,Away Win,-1,-23.0,4,0,0,-3,-14,1,0,4,0,0,1,0,0,0.0,82580000.0,0,-4,0,0,0.9675141242937854,0.8333333333333334,0.8636363636363636,0.8666666666666667,1.0,0
2018,Portugal,Spain,Draw,1,148.0,-6,0,-1,7,-3,-6,0,3,0,-3,-5,0,1,-0.11999999999999744,-479020000.0,0,4,-8,-1,1.1315555555555556,0.970873786407767,1.2413793103448276,1.1379310344827587,0.9957879957879959,0
2018,Russia,Saudi Arabia,Home Win,3,-9.0,3,0,0,-12,-32,-1,1,-2,1,0,-1,0,0,0.10999999999999943,142840000.0,0,-10,-1,0,0.9806451612903225,0.6701030927835051,0.8181818181818182,0.6,1.0038287504350853,1
2014,Germany,Argentina,Home Win,-4,125.0,-3,0,0,14,29,0,0,-1,0,0,0,0,0,-2.7300000000000004,134000000.0,1,3,0,0,1.1063829787234043,1.2959183673469388,1.3043478260869565,1.103448275862069,0.9056016597510373,0
2014,Brazil,Netherlands,Away Win,-1,261.0,-12,0,0,-1,19,0,1,0,0,0,0,0,0,1.8900000000000006,260000000.0,0,10,0,0,1.2660550458715596,1.179245283018868,0.9743589743589743,1.3703703703703705,1.0714015867019266,1
2014,Netherlands,Argentina,Draw,-4,-194.0,10,-1,0,-7,8,0,0,1,0,0,0,0,0,-2.450000000000003,-184000000.0,0,-2,0,0,0.8348936170212766,1.0816326530612246,0.8478260869565217,0.9310344827586207,0.9152835408022129,0
2014,Brazil,Germany,Away Win,-1,-58.0,1,-1,0,-22,-2,0,1,2,0,0,0,0,0,2.169999999999998,-58000000.0,-1,5,0,0,0.9553846153846154,0.984251968503937,0.6333333333333333,1.15625,1.0828560519282169,1
2014,Argentina,Belgium,Home Win,3,101.0,-6,1,0,5,27,0,0,-1,0,0,0,1,0,2.960000000000001,44000000.0,0,8,0,0,1.0940409683426444,1.380281690140845,1.1219512195121952,1.380952380952381,1.1140215716486903,0
2014,Netherlands,Costa Rica,Draw,-9,219.0,-13,0,0,-30,27,0,0,-15,0,0,0,1,0,-0.9600000000000009,178000000.0,0,3,0,0,1.2874015748031495,1.3417721518987342,0.5652173913043478,1.125,0.965001822821728,0
2014,France,Germany,Away Win,1,-387.0,15,-1,0,-26,-45,0,0,4,0,0,0,-1,0,0.6499999999999986,-147000000.0,-1,-5,0,0,0.7023076923076923,0.6456692913385826,0.5666666666666667,0.84375,1.0248186330660556,0
2014,Brazil,Colombia,Home Win,-1,105.0,-5,0,0,13,67,0,1,0,0,0,0,1,0,0.8900000000000006,277000000.0,0,15,0,0,1.0923482849604222,2.1551724137931036,1.52,1.6818181818181819,1.032398980706225,1
2014,Argentina,Switzerland,Home Win,4,26.0,-1,1,0,13,44,0,0,1,1,0,0,1,0,2.8500000000000014,214000000.0,0,10,0,0,1.0226283724978242,1.8148148148148149,1.393939393939394,1.5263157894736843,1.1093210586881475,0
2014,Belgium,USA,Home Win,1,39.0,-2,0,0,-23,-22,0,0,-8,1,0,0,0,0,-1.8499999999999979,290000000.0,0,-13,0,0,1.03768115942029,0.7634408602150538,0.640625,0.6176470588235294,0.9334771664868753,0
2014,France,Nigeria,Home Win,-7,273.0,-27,0,0,-12,-5,0,0,1,1,0,0,0,0,1.0300000000000011,295000000.0,0,3,0,0,1.4265625,0.9425287356321839,0.7391304347826086,1.125,1.039907012785742,0
2014,Germany,Algeria,Home Win,5,442.0,-20,1,0,31,78,0,0,-2,1,0,0,1,0,-0.41000000000000014,469000000.0,1,13,0,0,1.5151515151515151,2.5918367346938775,2.0689655172413794,1.6842105263157894,0.9845864661654136,0
2014,Netherlands,Mexico,Home Win,-2,99.0,-5,0,0,-19,-3,0,0,-9,1,0,0,1,0,-0.7900000000000027,111000000.0,0,-7,0,0,1.1122448979591837,0.9724770642201835,0.6724137931034483,0.7941176470588235,0.971019809244314,0
2014,Costa Rica,Greece,Draw,5,-302.0,16,0,0,38,26,0,0,18,1,0,0,0,0,-1.0800000000000018,-50000000.0,0,-1,0,0,0.7161654135338346,1.490566037735849,2.225806451612903,0.96,0.9621185548930199,0
2014,Brazil,Chile,Draw,1,216.0,-11,0,0,-20,41,0,1,-7,1,0,0,1,0,0.35999999999999943,329000000.0,0,13,0,0,1.2105263157894737,1.4880952380952381,0.6551724137931034,1.5416666666666667,1.012857142857143,1
2014,Colombia,Uruguay,Home Win,-3,-10.0,1,0,0,-31,-35,0,0,-3,1,0,0,0,0,-1.0800000000000018,-27000000.0,0,-3,0,0,0.99128160418483,0.6236559139784946,0.44642857142857145,0.88,0.962171628721541,0
2014,USA,Germany,Away Win,0,-265.0,11,-1,0,4,-34,0,0,10,-1,0,0,-1,0,1.6199999999999974,-468000000.0,-1,2,0,0,0.7961538461538461,0.7322834645669292,1.0666666666666667,1.0625,1.0618556701030928,0
2014,Portugal,Ghana,Home Win,1,485.0,-33,0,0,5,5,0,0,-5,0,0,0,0,0,3.080000000000002,201000000.0,0,-2,0,0,1.6889204545454546,1.058139534883721,1.1219512195121952,0.9259259259259259,1.1210216110019646,0
2014,Korea Republic,Belgium,Away Win,-1,-527.0,46,0,0,21,5,0,0,8,-1,0,0,0,0,0.23000000000000043,-296000000.0,0,3,0,0,0.5093109869646183,1.0704225352112675,1.5121951219512195,1.1428571428571428,1.0088597842835132,0
2014,Algeria,Russia,Draw,-8,-35.0,3,0,0,4,-18,0,0,2,0,0,0,0,0,-0.879999999999999,-123000000.0,0,-5,0,0,0.9608062709966405,0.7313432835820896,1.16,0.7916666666666666,0.9679767103347889,0
2014,Bosnia And Herzegovina,IR Iran,Home Win,-7,232.0,-22,0,0,5,-31,0,0,3,0,0,0,0,0,-1.4400000000000013,91000000.0,0,-12,0,0,1.3619344773790951,0.69,1.1388888888888888,0.625,0.9494736842105262,0
2014,Nigeria,Argentina,Away Win,4,-535.0,39,-1,0,0,-11,0,0,2,-1,0,0,-1,0,-3.110000000000003,-308000000.0,0,-5,0,0,0.5446808510638298,0.8877551020408163,1.0,0.8275862068965517,0.8924619640387275,0
2014,Honduras,Switzerland,Away Win,7,-418.0,27,0,0,44,20,0,0,16,0,0,0,0,0,2.5199999999999996,-157000000.0,0,2,0,0,0.6362053959965187,1.3703703703703705,2.3333333333333335,1.105263157894737,1.0966628308400461,0
2014,Ecuador,France,Draw,4,-122.0,9,0,0,23,-8,0,0,3,-1,0,0,0,0,0.8900000000000006,-317000000.0,0,-9,0,0,0.8663745892661555,0.9024390243902439,1.6764705882352942,0.6666666666666666,1.0331594634873325,0
2014,Costa Rica,England,Draw,6,-328.0,18,0,0,33,-4,0,0,18,1,0,0,0,0,0.8599999999999994,-304000000.0,0,0,0,0,0.6990825688073394,0.9518072289156626,1.9166666666666667,1.0,1.0323673315769666,0
2014,Italy,Uruguay,Away Win,6,-43.0,2,0,0,-1,-14,0,0,0,0,0,0,0,0,-0.6500000000000021,105000000.0,0,-3,0,0,0.962510897994769,0.8494623655913979,0.9821428571428571,0.88,0.9772329246935201,0
2014,Japan,Colombia,Away Win,0,-511.0,38,0,0,32,44,0,0,3,-1,0,0,0,0,-0.14999999999999858,-93000000.0,0,10,0,0,0.5505716798592788,1.7586206896551724,2.28,1.4545454545454546,0.9945394976337824,0
2014,Greece,Côte D'Ivoire,Home Win,5,255.0,-11,0,0,-9,-35,0,0,0,0,0,0,0,0,0.6800000000000033,-42000000.0,0,-3,0,0,1.315203955500618,0.6022727272727273,0.775,0.8928571428571429,1.0244340639597558,0
2014,Australia,Spain,Away Win,3,-959.0,61,0,0,18,-32,0,0,8,0,0,0,0,0,-1.8900000000000006,-601000000.0,0,-15,0,0,0.3542087542087542,0.744,1.4615384615384615,0.625,0.9330973451327433,0
2014,Netherlands,Chile,Home Win,2,-45.0,1,0,0,-19,22,0,0,-7,1,0,0,1,0,-1.5300000000000011,69000000.0,0,3,0,0,0.956140350877193,1.2619047619047619,0.6724137931034483,1.125,0.9453571428571428,0
2014,Croatia,Mexico,Away Win,-2,21.0,-2,0,0,-19,-42,0,0,-8,0,0,0,0,0,0.09999999999999787,100000000.0,0,-11,0,0,1.0238095238095237,0.6146788990825688,0.6724137931034483,0.6764705882352942,1.0036683785766691,0
2014,Cameroon,Brazil,Away Win,4,-684.0,53,0,0,-1,-64,0,-1,0,-1,0,0,-1,0,-1.759999999999998,-351000000.0,0,-17,0,0,0.4492753623188406,0.488,0.9736842105263158,0.5405405405405406,0.9379407616361073,-1
2014,Belgium,Russia,Home Win,-2,181.0,-8,0,0,16,4,0,0,2,1,0,0,0,0,-1.5199999999999996,168000000.0,0,-3,0,0,1.2026875699888018,1.0597014925373134,1.64,0.875,0.9446870451237264,0
2014,Korea Republic,Algeria,Away Win,5,-311.0,35,0,0,33,27,0,0,8,0,0,0,0,0,-0.41000000000000014,-5000000.0,0,5,0,0,0.6375291375291375,1.5510204081632653,2.1379310344827585,1.263157894736842,0.9845864661654136,0
2014,USA,Portugal,Draw,-1,-154.0,9,0,0,18,2,0,0,8,0,0,0,0,0,-0.7200000000000024,-239000000.0,0,9,0,0,0.8704793944491169,1.021978021978022,1.391304347826087,1.36,0.974763406940063,0
2014,Argentina,IR Iran,Home Win,1,534.0,-38,1,0,10,-2,0,0,-1,1,0,0,1,0,0.4200000000000017,368000000.0,0,-3,0,0,1.8330733229329172,0.98,1.2777777777777777,0.90625,1.0147368421052632,0
2014,Germany,Ghana,Draw,0,596.0,-35,1,0,19,41,0,0,-7,1,0,0,1,0,0.740000000000002,430000000.0,1,5,0,0,1.8465909090909092,1.4767441860465116,1.4634146341463414,1.1851851851851851,1.0290766208251474,0
2014,Nigeria,Bosnia And Herzegovina,Home Win,12,-233.0,23,0,0,5,18,0,0,-2,0,0,0,0,0,-1.25,-31000000.0,0,4,0,0,0.7331042382588774,1.2608695652173914,1.1219512195121952,1.2,0.9538063562453807,0
2014,Italy,Costa Rica,Away Win,0,342.0,-19,0,0,-14,0,0,0,-12,-1,0,0,0,0,0.46999999999999886,293000000.0,0,-2,0,0,1.4488188976377954,1.0,0.7971014492753623,0.9166666666666666,1.017134524243529,0
2014,Switzerland,France,Away Win,-1,236.0,-11,0,0,-1,-28,0,0,-4,-1,0,0,0,0,-0.7699999999999996,-201000000.0,0,-8,0,0,1.2584884994523549,0.6585365853658537,0.9705882352941176,0.7037037037037037,0.9713114754098361,0
2014,Honduras,Ecuador,Away Win,2,-60.0,7,0,0,20,0,0,0,9,0,0,0,0,0,0.8599999999999994,-41000000.0,0,3,0,0,0.9241466498103666,1.0,1.3508771929824561,1.1666666666666667,1.0310133429498738,0
2014,Colombia,Côte D'Ivoire,Home Win,1,328.0,-15,0,0,-15,-30,0,0,3,1,0,0,0,0,-0.35999999999999943,69000000.0,0,-6,0,0,1.4054388133498146,0.6590909090909091,0.625,0.7857142857142857,0.9870643190801294,0
2014,Uruguay,England,Home Win,0,57.0,-3,0,0,20,10,0,0,6,0,0,0,0,0,1.9800000000000004,-116000000.0,0,1,0,0,1.0522935779816514,1.1204819277108433,1.5555555555555556,1.0416666666666667,1.0745201354911555,0
2014,Japan,Greece,Draw,-4,-438.0,34,0,0,26,49,0,0,6,0,0,0,0,0,-1.1900000000000013,18000000.0,0,7,0,0,0.5883458646616542,1.9245283018867925,1.8387096774193548,1.28,0.9582602595580497,0
2014,Australia,Netherlands,Away Win,0,-455.0,47,0,0,18,-13,0,0,6,-1,0,0,-1,0,-0.10999999999999943,-187000000.0,0,-2,0,0,0.5361875637104995,0.8773584905660378,1.4615384615384615,0.9259259259259259,0.9958443520967133,0
2014,Spain,Chile,Away Win,-1,459.0,-13,0,0,-19,41,0,0,-9,0,0,0,0,0,0.25,483000000.0,0,16,0,0,1.4473684210526316,1.4880952380952381,0.6724137931034483,1.6666666666666667,1.0089285714285714,0
2014,Cameroon,Croatia,Away Win,3,-345.0,38,0,0,-2,-6,0,0,-1,0,0,0,0,0,-0.759999999999998,-80000000.0,0,-3,0,0,0.6179401993355482,0.9104477611940298,0.9487179487179487,0.8695652173913043,0.9722222222222223,0
2014,Belgium,Algeria,Home Win,6,216.0,-11,0,0,12,22,0,0,0,1,0,0,0,0,-0.6400000000000006,291000000.0,0,2,0,0,1.2517482517482517,1.4489795918367347,1.4137931034482758,1.105263157894737,0.9759398496240601,0
2014,Brazil,Mexico,Draw,-3,360.0,-17,0,0,-20,16,0,1,-9,1,0,0,1,0,1.0999999999999979,371000000.0,0,3,0,0,1.4081632653061225,1.146788990825688,0.6551724137931034,1.088235294117647,1.0403521643433602,1
2014,Russia,Korea Republic,Draw,3,346.0,-38,0,0,-37,-9,0,0,-10,0,0,0,0,0,1.2899999999999991,128000000.0,0,0,0,0,1.6325411334552102,0.881578947368421,0.4032258064516129,1.0,1.0492554410080184,0
2014,Germany,Portugal,Home Win,-1,111.0,-2,1,0,14,36,0,0,-2,1,0,0,1,0,-2.34,229000000.0,1,7,0,0,1.0933557611438183,1.3956043956043955,1.3043478260869565,1.28,0.917981072555205,0
2014,IR Iran,Nigeria,Draw,-5,1.0,-1,0,0,-10,13,0,0,-1,0,0,0,0,0,2.6900000000000013,-60000000.0,0,8,0,0,1.0015625,1.1494252873563218,0.782608695652174,1.3333333333333333,1.1042231693142193,0
2014,Ghana,USA,Away Win,0,-331.0,24,0,0,-23,-7,0,0,-3,0,0,0,0,0,-2.3599999999999994,38000000.0,0,-7,0,0,0.6801932367149759,0.9247311827956989,0.640625,0.7941176470588235,0.915138439410284,0
2014,Switzerland,Ecuador,Home Win,-5,358.0,-20,0,0,-24,-20,0,0,-7,0,0,0,0,0,-1.6600000000000001,116000000.0,0,1,0,0,1.4525916561314791,0.7297297297297297,0.5789473684210527,1.0555555555555556,0.9401370357014064,0
2014,France,Honduras,Home Win,-6,182.0,-16,0,0,-43,8,0,0,-12,1,0,0,0,0,-1.75,358000000.0,0,6,0,0,1.2489740082079344,1.1081081081081081,0.44155844155844154,1.2857142857142858,0.9387897866386848,0
2014,Argentina,Bosnia And Herzegovina,Home Win,8,302.0,-16,1,0,5,29,0,0,-4,1,0,0,1,0,1.860000000000003,277000000.0,0,9,0,0,1.345933562428408,1.4202898550724639,1.1219512195121952,1.45,1.0687361419068737,0
2014,Colombia,Greece,Home Win,-4,73.0,-4,0,0,-6,5,0,0,3,1,0,0,0,0,-1.0400000000000027,111000000.0,0,-3,0,0,1.068609022556391,1.0943396226415094,0.8064516129032258,0.88,0.9635215713784636,0
2014,Uruguay,Costa Rica,Away Win,-6,385.0,-21,0,0,-13,14,0,0,-12,-1,0,0,0,0,1.120000000000001,188000000.0,0,1,0,0,1.505249343832021,1.1772151898734178,0.8115942028985508,1.0416666666666667,1.040831206707984,0
2014,England,Italy,Away Win,-6,-14.0,1,0,0,-19,4,0,0,-6,0,0,0,0,0,-1.3299999999999983,11000000.0,0,2,0,0,0.9873188405797102,1.0506329113924051,0.6545454545454545,1.0909090909090908,0.9523297491039427,0
2014,Côte D'Ivoire,Japan,Home Win,-1,183.0,-23,0,0,-17,-14,0,0,-6,0,0,0,0,0,0.509999999999998,24000000.0,0,-4,0,0,1.292332268370607,0.8627450980392157,0.7017543859649122,0.875,1.018667642752562,0
2014,Mexico,Cameroon,Home Win,-1,324.0,-36,0,0,21,48,0,0,9,0,0,0,0,0,0.6600000000000001,-20000000.0,0,14,0,0,1.5806451612903225,1.7868852459016393,1.5675675675675675,1.7,1.024812030075188,0
2014,Spain,Netherlands,Away Win,-3,504.0,-14,0,0,0,19,0,0,-2,-1,0,0,-1,0,1.7800000000000011,414000000.0,0,13,0,0,1.5137614678899083,1.179245283018868,1.0,1.4814814814814814,1.06724593879864,0
2014,Chile,Australia,Home Win,-2,500.0,-48,0,0,1,-9,0,0,1,0,0,0,0,0,1.6400000000000006,118000000.0,0,-1,0,0,1.950570342205323,0.9032258064516129,1.0175438596491229,0.96,1.062215477996965,0
2014,Brazil,Croatia,Home Win,-1,339.0,-15,0,0,-1,58,0,1,-1,1,0,0,1,0,1.0,271000000.0,0,14,0,0,1.3754152823920265,1.8656716417910448,0.9743589743589743,1.608695652173913,1.036549707602339,1
2010,Netherlands,Spain,Away Win,6,-334.0,2,0,2,0,-26,0,0,1,0,0,0,0,3,-0.5,-342000000.0,-1,-13,-4,0,0.7865814696485623,0.7851239669421488,1.0,0.717391304347826,0.9816176470588235,0
2010,Uruguay,Germany,Away Win,5,-183.0,10,0,-6,11,-48,-9,0,4,0,-10,-6,0,-8,-0.09999999999999787,-408800000.0,0,-15,-6,-1,0.8308687615526802,0.5966386554621849,1.3055555555555556,0.5588235294117647,0.9962546816479402,0
2010,Germany,Spain,Away Win,4,-483.0,4,-1,7,5,-2,8,0,3,0,10,2,0,11,-0.5,-322000000.0,-1,-12,4,3,0.6913738019169329,0.9834710743801653,1.1612903225806452,0.7391304347826086,0.9816176470588235,0
2010,Uruguay,Netherlands,Away Win,3,-332.0,12,-1,-1,16,-24,-1,0,6,0,0,-4,0,0,-0.09999999999999787,-388800000.0,0,-14,2,2,0.7303005686433793,0.7473684210526316,1.5161290322580645,0.5757575757575758,0.9962546816479402,0
2010,Argentina,Germany,Away Win,0,-6.0,1,0,-3,14,-35,-5,0,5,0,-7,-2,-1,-7,1.1999999999999993,-253000000.0,0,-5,-2,-1,0.9944547134935305,0.7058823529411765,1.3888888888888888,0.8529411764705882,1.044943820224719,0
2010,Paraguay,Spain,Away Win,10,-745.0,29,-1,0,23,-69,-5,0,14,0,-4,-3,-1,0,1.1999999999999993,-1026050000.0,-1,-29,-5,0,0.5239616613418531,0.4297520661157025,1.7419354838709677,0.3695652173913043,1.0441176470588236,0
2010,Netherlands,Brazil,Home Win,-1,-380.0,3,1,-4,-6,-19,-8,0,0,0,-8,-2,1,-6,-1.1000000000000014,-124000000.0,0,-5,-10,-5,0.7641216635630044,0.8333333333333334,0.8378378378378378,0.868421052631579,0.9604316546762589,0
2010,Uruguay,Ghana,Draw,4,99.0,-16,0,1,-5,-2,6,0,-4,0,4,1,1,3,1.5,254270000.0,0,-7,9,2,1.12375,0.9726027397260274,0.9038461538461539,0.7307692307692307,1.0597609561752988,0
2010,Paraguay,Japan,Draw,-3,138.0,-14,0,0,1,-65,2,0,5,1,0,2,0,0,1.8999999999999986,-99550000.0,0,-19,4,0,1.2023460410557185,0.4444444444444444,1.0188679245283019,0.4722222222222222,1.0716981132075472,0
2010,Spain,Portugal,Home Win,-9,316.0,-1,1,0,-7,41,6,0,-4,1,2,5,1,-2,0.09999999999999787,309000000.0,1,21,8,0,1.2530024019215373,1.5125,0.8157894736842105,1.84,1.003690036900369,0
2010,Netherlands,Slovakia,Home Win,4,454.0,-30,1,2,-33,13,8,0,-14,1,4,6,1,3,-1.9000000000000021,677950000.0,0,15,8,0,1.5842985842985844,1.1585365853658536,0.484375,1.8333333333333333,0.9335664335664335,0
2010,Brazil,Chile,Home Win,0,723.0,-17,0,6,-28,35,14,0,-12,1,11,7,0,8,2.5,851700000.0,0,7,11,5,1.8141891891891893,1.4430379746835442,0.5692307692307692,1.2258064516129032,1.098814229249012,0
2010,Germany,England,Home Win,2,14.0,-2,0,6,4,26,6,0,-2,1,6,3,1,9,-0.10000000000000142,-472000000.0,0,7,4,2,1.0131086142322097,1.2795698924731183,1.125,1.2592592592592593,0.9962686567164178,0
2010,Argentina,Mexico,Home Win,-2,181.0,-10,0,4,-17,-49,5,0,-7,1,5,1,0,4,2.1999999999999993,432900000.0,0,-13,1,2,1.2022346368715084,0.631578947368421,0.746268656716418,0.6904761904761905,1.0856031128404668,0
2010,Uruguay,Korea Republic,Home Win,-5,267.0,-31,0,1,4,-10,6,0,0,1,3,1,1,2,-1.0,300400000.0,0,-7,3,2,1.4224683544303798,0.8765432098765432,1.0930232558139534,0.7307692307692307,0.9637681159420289,0
2010,USA,Ghana,Away Win,-3,157.0,-18,0,0,22,39,3,0,4,-1,2,2,0,1,0.8999999999999986,4770000.0,0,10,7,0,1.19625,1.5342465753424657,1.4230769230769231,1.3846153846153846,1.0358565737051793,0
2010,Portugal,Brazil,Draw,2,-362.0,2,0,-6,1,-34,-14,0,3,-1,-10,-7,0,-7,-0.6999999999999993,-91000000.0,0,-13,-14,-5,0.7752948479205463,0.7017543859649122,1.027027027027027,0.6578947368421053,0.9748201438848921,0
2010,North Korea,Côte D'Ivoire,Away Win,6,-571.0,78,0,0,3,-7,1,0,6,0,1,0,0,0,-1.3000000000000007,-363900000.0,0,-5,0,0,0.33294392523364486,0.9270833333333334,1.0731707317073171,0.8076923076923077,0.9511278195488722,0
2010,Chile,Spain,Away Win,7,-677.0,16,-1,0,34,-42,-6,0,13,-1,-3,-5,-1,1,-1.8999999999999986,-1069700000.0,-1,-15,-5,0,0.5674121405750798,0.6528925619834711,2.096774193548387,0.6739130434782609,0.9301470588235294,0
2010,Switzerland,Honduras,Draw,-1,132.0,-14,0,0,-18,-52,5,0,-4,0,3,4,0,0,-0.6000000000000014,235500000.0,0,-19,7,0,1.1798365122615804,0.5272727272727272,0.7142857142857143,0.4864864864864865,0.9786476868327402,0
2010,Paraguay,New Zealand,Draw,10,410.0,-47,0,0,14,24,3,0,7,1,0,3,0,0,0.5999999999999979,107520000.0,0,9,6,0,2.0,1.8571428571428572,1.35,2.125,1.0215827338129495,0
2010,Slovakia,Italy,Home Win,-8,-407.0,29,0,-6,19,13,-11,0,10,0,-9,-8,0,-8,1.3000000000000007,-696950000.0,0,-6,-16,-4,0.65625,1.1884057971014492,1.4222222222222223,0.75,1.0476190476190477,0
2010,Denmark,Japan,Away Win,-6,85.0,-9,0,0,-13,-56,2,0,-1,0,1,2,0,0,0.6999999999999993,158100000.0,0,-17,0,0,1.1246334310850439,0.5213675213675214,0.7547169811320755,0.5277777777777778,1.0264150943396226,0
2010,Cameroon,Netherlands,Away Win,0,-344.0,15,-1,-2,14,-19,-7,0,6,-1,-3,-5,-1,-3,-1.0999999999999979,-551970000.0,0,-11,-3,0,0.7205523964256701,0.8,1.4516129032258065,0.6666666666666666,0.958801498127341,0
2010,Slovenia,England,Away Win,0,-208.0,17,0,-1,8,-46,-10,0,7,0,-8,-5,0,-2,0.8999999999999986,-1149400000.0,0,-13,-11,-1,0.8052434456928839,0.5053763440860215,1.25,0.5185185185185185,1.0335820895522387,0
2010,USA,Algeria,Home Win,-1,136.0,-16,0,0,28,69,4,0,5,0,2,3,0,1,-0.5,-59600000.0,0,18,6,0,1.1656516443361753,2.604651162790698,1.608695652173913,2.0,0.9811320754716981,0
2010,Ghana,Germany,Away Win,1,-282.0,26,0,-7,16,-46,-15,0,8,0,-14,-7,-1,-11,-1.5999999999999979,-663070000.0,0,-8,-15,-3,0.7393715341959335,0.6134453781512605,1.4444444444444444,0.7647058823529411,0.9400749063670413,0
2010,Australia,Serbia,Home Win,1,-61.0,5,0,0,-8,-18,-6,0,-1,0,-5,-1,0,-2,0.9000000000000021,-233850000.0,0,0,-8,0,0.9355860612460402,0.7662337662337663,0.8048780487804879,1.0,1.0337078651685394,0
2010,Mexico,Uruguay,Away Win,-3,-4.0,1,0,-1,20,62,-1,0,8,-1,-2,3,-1,-3,-0.9000000000000021,-277100000.0,0,23,3,-2,0.9955506117908788,1.8732394366197183,1.425531914893617,2.210526315789474,0.9661654135338346,0
2010,France,South Africa,Away Win,-6,652.0,-74,0,2,-17,-13,7,-1,-11,0,6,5,0,5,0.5,1243650000.0,0,-5,10,1,2.663265306122449,0.8375,0.6851851851851852,0.8387096774193549,1.0190114068441065,-1
2010,Nigeria,Korea Republic,Draw,-6,251.0,-26,0,0,-14,-23,1,0,-3,0,-1,1,0,-1,-0.10000000000000142,162980000.0,0,-2,-4,0,1.3971518987341771,0.7160493827160493,0.6744186046511628,0.9230769230769231,0.9963768115942029,0
2010,Greece,Argentina,Away Win,0,-112.0,6,0,-4,-1,-21,-11,0,2,-1,-7,-6,0,-4,-1.5,-320300000.0,0,-8,-13,-2,0.895910780669145,0.75,0.98,0.7241379310344828,0.946236559139785,0
2010,Portugal,North Korea,Home Win,-6,964.0,-102,0,0,-6,-9,1,0,-7,0,1,1,0,2,1.8000000000000007,834100000.0,0,4,3,0,4.382456140350877,0.898876404494382,0.8636363636363636,1.1904761904761905,1.0711462450592886,0
2010,Chile,Switzerland,Home Win,4,22.0,-6,0,0,20,21,-3,0,2,0,-2,-3,0,1,-2.1999999999999993,-170700000.0,0,13,-1,0,1.0254041570438799,1.3620689655172413,1.4444444444444444,1.7222222222222223,0.92,0
2010,Spain,Honduras,Home Win,-4,831.0,-36,1,0,-32,11,8,0,-15,1,4,6,1,0,-0.9000000000000021,1134500000.0,1,9,11,0,2.1321525885558583,1.1,0.49206349206349204,1.2432432432432432,0.9679715302491102,0
2010,Slovakia,Paraguay,Away Win,-8,-43.0,3,0,0,10,30,-3,0,1,-1,0,-3,0,0,0.20000000000000284,6100000.0,0,1,-7,0,0.947560975609756,1.5769230769230769,1.1851851851851851,1.0588235294117647,1.0070422535211268,0
2010,Italy,New Zealand,Draw,10,774.0,-73,0,6,5,41,11,0,-2,0,9,8,0,8,-0.5,810570000.0,0,16,15,4,2.8878048780487804,2.4642857142857144,1.125,3.0,0.9820143884892086,0
2010,Brazil,Côte D'Ivoire,Home Win,-2,755.0,-26,0,6,-4,18,16,0,-4,1,12,8,0,9,1.1999999999999993,561200000.0,0,12,17,5,1.8820093457943925,1.1875,0.9024390243902439,1.4615384615384615,1.045112781954887,0
2010,Netherlands,Japan,Home Win,-7,549.0,-41,1,2,-22,-22,7,0,-8,1,4,5,1,3,0.1999999999999993,584500000.0,0,-3,5,0,1.8049853372434017,0.811965811965812,0.5849056603773585,0.9166666666666666,1.0075471698113208,0
2010,Ghana,Australia,Draw,-3,-86.0,12,0,0,19,14,0,0,5,1,0,0,0,0,-2.5,132080000.0,0,3,-1,0,0.9029345372460497,1.2372881355932204,1.5757575757575757,1.1304347826086956,0.9094202898550725,0
2010,Cameroon,Denmark,Away Win,-1,120.0,-17,0,0,5,15,-2,0,-1,0,0,-2,0,0,-1.5999999999999979,-125570000.0,0,3,2,0,1.1564537157757497,1.2459016393442623,1.125,1.1578947368421053,0.9411764705882354,0
2010,Germany,Serbia,Away Win,-3,135.0,-9,0,7,-5,42,9,0,-4,1,9,6,1,9,0.0,561300000.0,0,11,6,3,1.1425554382259768,1.5454545454545454,0.8780487804878049,1.4782608695652173,1.0,0
2010,Slovenia,USA,Draw,0,-97.0,11,0,0,-34,-65,-4,0,-3,0,-2,-3,0,-1,1.6999999999999993,-19100000.0,0,-22,-7,0,0.8986415882967607,0.41964285714285715,0.5405405405405406,0.3888888888888889,1.0653846153846154,0
2010,England,Algeria,Draw,-1,247.0,-22,0,1,-14,50,10,0,-5,0,8,5,0,2,0.3000000000000007,1070700000.0,0,9,10,1,1.3008526187576126,2.1627906976744184,0.6956521739130435,1.5,1.0113207547169811,0
2010,Argentina,Korea Republic,Home Win,-10,444.0,-40,0,4,7,3,10,0,1,1,6,5,0,3,0.29999999999999716,456200000.0,0,3,7,2,1.7025316455696202,1.037037037037037,1.1627906976744187,1.1153846153846154,1.0108695652173911,0
2010,Greece,Nigeria,Home Win,-4,81.0,-8,0,0,20,5,-2,0,6,0,0,-2,0,0,-1.1000000000000014,-27080000.0,0,-3,-2,0,1.0917327293318233,1.0862068965517242,1.6896551724137931,0.875,0.96,0
2010,France,Mexico,Away Win,1,149.0,-8,0,2,-30,-66,1,0,-8,0,4,0,0,5,1.1000000000000014,1147900000.0,0,-16,-1,1,1.1664804469273744,0.5037593984962406,0.5522388059701493,0.6190476190476191,1.0428015564202335,0
2010,Honduras,Chile,Away Win,-3,-154.0,20,0,0,-2,31,-2,0,2,0,-1,-1,0,-1,2.8000000000000007,-64800000.0,0,6,-6,0,0.8265765765765766,1.3924050632911393,0.9692307692307692,1.1935483870967742,1.1106719367588933,0
2010,Spain,Switzerland,Away Win,-3,699.0,-22,1,0,-14,63,3,0,-11,1,1,2,1,0,-0.3000000000000007,899000000.0,1,28,4,0,1.8071593533487298,2.086206896551724,0.6888888888888889,2.5555555555555554,0.989090909090909,0
2010,South Africa,Uruguay,Away Win,4,-507.0,67,0,-1,7,9,-7,1,11,-1,-4,-2,-1,-3,-0.3000000000000007,-372850000.0,0,12,-8,-2,0.4360400444938821,1.1267605633802817,1.148936170212766,1.631578947368421,0.9887218045112782,1
2010,New Zealand,Slovakia,Draw,-2,-367.0,44,0,0,-24,-54,0,0,-8,0,0,0,0,0,-0.8000000000000007,-113620000.0,0,-10,1,0,0.5276705276705277,0.34146341463414637,0.625,0.4444444444444444,0.972027972027972,0
2010,Côte D'Ivoire,Portugal,Draw,0,-393.0,24,0,0,3,16,-2,0,1,0,-2,-1,0,-2,-0.5,-470200000.0,0,1,-3,0,0.6853482786228983,1.2,1.0789473684210527,1.04,0.981549815498155,0
2010,Brazil,North Korea,Home Win,-8,1326.0,-104,0,6,-7,25,15,0,-10,1,11,8,0,9,2.5,925100000.0,0,17,17,5,5.652631578947369,1.2808988764044944,0.8409090909090909,1.8095238095238095,1.098814229249012,0
2010,Netherlands,Denmark,Home Win,-1,464.0,-32,1,2,-9,34,5,0,-7,1,3,3,1,3,-0.5,426400000.0,0,14,5,0,1.6049543676662321,1.5573770491803278,0.775,1.736842105263158,0.9816176470588235,0
2010,Japan,Cameroon,Home Win,7,-205.0,26,0,0,8,41,0,0,2,0,-1,0,0,0,0.8999999999999986,-32530000.0,0,14,-2,0,0.7688838782412627,1.5394736842105263,1.1777777777777778,1.6363636363636365,1.03515625,0
2010,Italy,Paraguay,Draw,0,364.0,-26,0,6,-9,17,8,0,-9,-1,9,5,0,8,-1.0999999999999979,703050000.0,0,7,9,4,1.4439024390243902,1.3269230769230769,0.8333333333333334,1.411764705882353,0.9612676056338029,0
2010,Algeria,Slovenia,Away Win,1,-39.0,5,0,0,6,-4,0,0,-2,0,0,0,0,0,-1.1999999999999993,78700000.0,0,4,1,0,0.9546511627906977,0.9148936170212766,1.15,1.2857142857142858,0.9566787003610109,0
2010,Serbia,Ghana,Away Win,2,147.0,-17,0,0,-11,4,6,0,-4,-1,5,1,0,2,1.5999999999999979,101770000.0,0,-3,9,0,1.18375,1.0547945205479452,0.7884615384615384,0.8846153846153846,1.0637450199203187,0
2010,Germany,Australia,Home Win,-4,196.0,-14,0,7,3,60,15,0,-3,1,14,7,1,11,-0.9000000000000021,795150000.0,0,11,14,3,1.2212189616252822,2.016949152542373,1.0909090909090908,1.4782608695652173,0.967391304347826,0
2010,Korea Republic,Greece,Home Win,10,-332.0,34,0,0,-6,18,1,0,-3,0,1,1,0,1,1.2000000000000028,-135900000.0,0,5,6,0,0.6556016597510373,1.2857142857142858,0.8775510204081632,1.2380952380952381,1.0454545454545456,0
2010,Argentina,Nigeria,Home Win,-4,193.0,-14,0,4,21,26,9,0,4,1,7,4,0,4,0.3999999999999986,293220000.0,0,5,11,2,1.218573046432616,1.4482758620689655,1.7241379310344827,1.2083333333333333,1.0145454545454544,0
2010,England,USA,Draw,0,111.0,-6,0,1,-42,-19,6,0,-10,0,6,2,0,1,0.8000000000000007,1130300000.0,0,-9,4,1,1.115987460815047,0.8303571428571429,0.43243243243243246,0.75,1.0307692307692309,0
2010,South Africa,Mexico,Draw,7,-503.0,66,0,0,-13,-53,-6,1,3,0,-2,-5,0,0,0.6000000000000014,-95750000.0,0,-11,-11,0,0.43798882681564244,0.6015037593984962,0.8059701492537313,0.7380952380952381,1.0233463035019457,1
2010,Uruguay,France,Draw,2,-145.0,7,0,-1,10,4,0,0,0,1,-2,-3,1,-2,-0.1999999999999993,-870800000.0,0,-7,-2,1,0.8611111111111112,1.0597014925373134,1.2702702702702702,0.7307692307692307,0.9925373134328358,0
2006,Italy,France,Draw,2,-21.0,5,0,4,10,-29,4,0,2,0,3,3,0,3,-0.3000000000000007,-511500000.0,1,-8,4,2,0.9719626168224299,0.71,1.434782608695652,0.7575757575757576,0.9888059701492538,0
2006,Germany,Portugal,Home Win,2,-54.0,12,0,7,31,3,14,1,6,0,12,7,0,9,0.6999999999999993,-88000000.0,0,-3,12,3,0.928,1.0288461538461537,1.8857142857142857,0.896551724137931,1.025925925925926,1
2006,Portugal,France,Away Win,-1,1.0,-1,-1,-1,12,4,-5,0,3,0,-4,-4,0,-3,0.1999999999999993,-485500000.0,0,-4,-8,-1,1.0013351134846462,1.04,1.5217391304347827,0.8787878787878788,1.007462686567164,0
2006,Germany,Italy,Away Win,-1,-32.0,6,-1,2,33,36,5,1,7,0,5,0,0,3,1.1999999999999993,-62000000.0,-1,1,0,0,0.9560439560439561,1.5070422535211268,2.0,1.04,1.0452830188679245,1
2006,England,Portugal,Draw,-4,-9.0,3,0,1,7,-21,8,0,1,0,6,4,-1,1,0.1999999999999993,755500000.0,0,-2,8,1,0.988,0.7980769230769231,1.2,0.9310344827586207,1.0074074074074073,0
2006,Brazil,France,Away Win,4,78.0,-7,-1,5,24,17,9,0,6,0,6,3,-1,5,0.3000000000000007,-491500000.0,0,-3,6,4,1.1041388518024031,1.17,2.0434782608695654,0.9090909090909091,1.0111940298507462,0
2006,Germany,Argentina,Draw,4,-50.0,10,0,3,11,10,5,1,2,0,7,2,1,6,-0.10000000000000142,-700000.0,0,-5,2,1,0.9329758713136729,1.1030927835051547,1.2,0.8387096774193549,0.9964028776978416,1
2006,Italy,Ukraine,Home Win,-1,119.0,-32,1,5,3,25,10,0,-4,0,8,7,1,7,-0.10000000000000142,571800000.0,1,10,15,3,1.1954022988505748,1.5434782608695652,1.1,1.6666666666666667,0.9962406015037594,0
2006,Brazil,Ghana,Home Win,5,227.0,-47,0,6,8,59,15,0,-4,1,11,7,0,9,0.5,667220000.0,0,15,17,5,1.3783333333333334,2.0172413793103448,1.205128205128205,2.0,1.018796992481203,0
2006,Spain,France,Away Win,1,7.0,-3,-1,-1,0,-12,1,0,-1,-1,-1,1,-1,-4,-0.1999999999999993,-40000000.0,0,-4,0,-1,1.0093457943925233,0.88,1.0,0.8787878787878788,0.9925373134328358,0
2006,Italy,Australia,Home Win,10,116.0,-29,1,5,-1,-30,10,0,-3,1,8,7,1,7,-0.6000000000000014,790470000.0,1,2,14,3,1.1895424836601307,0.7029702970297029,0.9705882352941176,1.0869565217391304,0.977859778597786,0
2006,Switzerland,Ukraine,Draw,-3,39.0,-10,0,0,16,18,4,0,0,-1,3,3,0,0,1.2999999999999972,55400000.0,0,2,7,0,1.064039408866995,1.391304347826087,1.5333333333333334,1.1333333333333333,1.0488721804511276,0
2006,England,Ecuador,Home Win,-4,110.0,-29,0,1,-31,24,9,0,-15,1,7,4,0,2,1.5,1232170000.0,0,10,10,1,1.1743264659270998,1.4067796610169492,0.5753424657534246,1.588235294117647,1.0583657587548638,0
2006,Portugal,Netherlands,Home Win,0,-18.0,4,0,-2,5,16,-6,0,-1,1,-3,-5,1,-2,0.0,98500000.0,0,1,-4,0,0.9765625,1.1818181818181819,1.1666666666666667,1.0357142857142858,1.0,0
2006,Germany,Sweden,Home Win,-4,-13.0,3,0,6,14,4,8,1,0,1,9,4,1,7,1.3999999999999986,412720000.0,0,4,5,3,0.9816643159379408,1.0388349514563107,1.2692307692307692,1.1818181818181819,1.053231939163498,1
2006,Argentina,Mexico,Home Win,-5,-12.0,5,0,4,1,-29,5,0,-5,1,4,1,0,4,0.0,611400000.0,0,-6,1,2,0.9841688654353562,0.7698412698412699,1.0185185185185186,0.8378378378378378,1.0,0
2006,Saudi Arabia,Spain,Away Win,4,-105.0,29,0,0,36,21,-6,0,14,0,-4,-4,0,0,0.5999999999999979,-1279650000.0,0,2,-8,0,0.8611111111111112,1.2386363636363635,2.5652173913043477,1.0689655172413792,1.0225563909774436,0
2006,Ukraine,Tunisia,Home Win,2,-84.0,24,0,0,-14,-30,0,0,0,1,0,0,0,0,1.0,216100000.0,0,-11,-3,0,0.8787878787878788,0.6052631578947368,0.6818181818181818,0.5769230769230769,1.0390625,0
2006,Togo,France,Away Win,-8,-180.0,53,-1,-1,14,-56,-6,0,9,-1,-5,-4,-1,-4,-1.4000000000000021,-1320250000.0,0,-16,-11,-1,0.7596795727636849,0.44,1.608695652173913,0.5151515151515151,0.9477611940298507,0
2006,Switzerland,Korea Republic,Home Win,-4,-29.0,6,0,0,1,-39,3,0,-8,0,2,2,0,-1,0.0,182350000.0,0,-13,1,0,0.9571639586410635,0.6213592233009708,1.0222222222222221,0.5666666666666667,1.0,0
2006,Ghana,USA,Home Win,-1,-156.0,43,0,0,1,-50,-4,0,3,0,-2,-3,0,-1,0.3000000000000007,-159420000.0,0,-23,-7,0,0.7936507936507936,0.5370370370370371,1.0263157894736843,0.39473684210526316,1.0114068441064639,0
2006,Czechia,Italy,Away Win,-10,44.0,-11,-1,-5,4,42,-10,0,2,-1,-8,-7,-1,-7,1.5,-665700000.0,-1,8,-15,-3,1.0604395604395604,1.591549295774648,1.121212121212121,1.32,1.0566037735849056,0
2006,Japan,Brazil,Away Win,-2,-122.0,17,0,-6,16,-6,-14,0,8,-1,-11,-6,0,-9,-0.8000000000000007,-596300000.0,0,6,-15,-5,0.8524788391777509,0.9487179487179487,1.3404255319148937,1.2,0.9704797047970479,0
2006,Croatia,Australia,Draw,9,74.0,-19,0,0,11,-29,1,0,2,0,1,1,0,1,1.0999999999999979,234270000.0,0,-1,1,0,1.1209150326797386,0.7128712871287128,1.3235294117647058,0.9565217391304348,1.040590405904059,0
2006,Portugal,Mexico,Home Win,-3,-8.0,3,0,0,-19,-22,-4,0,-9,1,-1,-4,1,1,-0.8000000000000007,698700000.0,0,-8,-9,0,0.9894459102902374,0.8253968253968254,0.6481481481481481,0.7837837837837838,0.9712230215827338,0
2006,IR Iran,Angola,Draw,-4,105.0,-34,0,0,-5,52,0,0,-5,0,0,0,0,0,0.0,-13820000.0,0,13,2,0,1.180722891566265,1.8524590163934427,0.8979591836734694,1.6842105263157894,1.0,0
2006,Côte D'Ivoire,Serbia and Montenegro,Home Win,-4,59.0,-12,0,0,-8,21,-7,0,-5,0,-5,-2,0,-2,-1.0999999999999979,116400000.0,0,8,-9,0,1.0967213114754097,1.4565217391304348,0.8095238095238095,1.6153846153846154,0.9591078066914499,0
2006,Netherlands,Argentina,Draw,2,22.0,-6,0,-2,-25,-9,-3,0,-3,-1,-2,0,0,-1,-0.8000000000000007,-11200000.0,0,-3,-6,-2,1.029490616621984,0.9072164948453608,0.5454545454545454,0.9032258064516129,0.9712230215827338,0
2006,Costa Rica,Poland,Away Win,4,6.0,-3,0,0,30,-13,-4,0,11,0,-2,-1,0,-2,-2.900000000000002,-196100000.0,0,-6,-4,0,1.0088626292466765,0.8725490196078431,1.5555555555555556,0.8125,0.894927536231884,0
2006,Ecuador,Germany,Away Win,-2,-65.0,20,0,-7,7,-48,-15,-1,10,-1,-13,-7,-1,-10,-2.0,-388670000.0,0,-9,-14,-3,0.9066091954022989,0.5514018691588785,1.106060606060606,0.6538461538461539,0.927797833935018,-1
2006,Paraguay,Trinidad and Tobago,Home Win,6,49.0,-14,0,0,-46,-46,3,0,-18,0,0,3,0,0,4.5,131750000.0,0,-14,6,0,1.0811258278145695,0.5353535353535354,0.5157894736842106,0.5625,1.1829268292682926,0
2006,Sweden,England,Draw,10,-32.0,6,0,0,10,20,-2,0,5,-1,-3,-1,0,1,-0.8999999999999986,-1256220000.0,0,-5,-1,-1,0.9568151147098516,1.2409638554216869,1.2380952380952381,0.8148148148148148,0.9669117647058824,0
2006,Togo,Switzerland,Away Win,-8,-79.0,26,0,0,-9,-20,-4,0,3,0,-3,-3,0,0,-2.5,-292350000.0,0,0,-7,0,0.8780864197530864,0.6875,0.8043478260869565,1.0,0.910394265232975,0
2006,Saudi Arabia,Ukraine,Away Win,2,42.0,-11,0,0,29,63,1,0,7,-1,0,1,0,0,0.5999999999999979,-236350000.0,0,16,3,0,1.0689655172413792,2.369565217391304,1.9666666666666666,2.066666666666667,1.0225563909774436,0
2006,Spain,Tunisia,Home Win,0,63.0,-16,0,0,-21,12,7,0,-7,0,4,5,0,0,1.0,1259400000.0,0,3,8,0,1.0909090909090908,1.1578947368421053,0.5227272727272727,1.1153846153846154,1.0390625,0
2006,Japan,Croatia,Draw,1,19.0,-5,0,0,18,39,0,0,7,0,-1,0,0,-1,-1.8999999999999986,-20100000.0,0,14,0,0,1.0276967930029155,1.5416666666666667,1.4,1.6363636363636365,0.9326241134751774,0
2006,Brazil,Australia,Home Win,12,215.0,-41,0,6,13,16,15,0,1,1,11,7,0,9,0.0,810470000.0,0,7,16,5,1.3513071895424837,1.1584158415841583,1.3823529411764706,1.3043478260869565,1.0,0
2006,France,Korea Republic,Draw,-4,72.0,-21,1,1,-22,-3,5,0,-14,1,4,3,1,3,-1.0999999999999979,1210250000.0,0,3,5,1,1.106351550960118,0.970873786407767,0.5111111111111111,1.1,0.960573476702509,0
2006,Portugal,IR Iran,Home Win,2,64.0,-16,0,0,-9,-9,1,0,-2,1,1,0,1,1,-2.1999999999999993,825620000.0,0,-3,1,0,1.0932944606413995,0.9203539823008849,0.7954545454545454,0.90625,0.9246575342465754,0
2006,Czechia,Ghana,Away Win,-7,172.0,-46,0,0,-2,55,0,0,-6,0,0,0,0,0,1.3999999999999986,-18480000.0,0,18,0,0,1.2866666666666666,1.9482758620689655,0.9487179487179487,2.2,1.0526315789473684,0
2006,Italy,USA,Draw,2,-28.0,8,1,5,-5,-37,6,0,-5,1,6,4,1,6,0.1999999999999993,487800000.0,1,-13,8,3,0.9629629629629629,0.6574074074074074,0.868421052631579,0.6578947368421053,1.0076045627376427,0
2006,Argentina,Serbia and Montenegro,Home Win,-2,136.0,-35,0,4,13,51,3,0,-3,1,1,3,0,2,0.9000000000000021,482700000.0,0,18,4,2,1.222950819672131,2.108695652173913,1.3095238095238095,2.3846153846153846,1.033457249070632,0
2006,Netherlands,Côte D'Ivoire,Home Win,4,99.0,-29,0,2,-4,21,7,0,-1,0,4,5,0,3,1.1999999999999993,355100000.0,0,7,7,0,1.147982062780269,1.3134328358208955,0.8823529411764706,1.3333333333333333,1.0465116279069766,0
2006,Mexico,Angola,Draw,1,177.0,-53,0,0,5,65,5,0,2,0,2,4,0,0,-1.3999999999999986,113100000.0,0,18,12,0,1.3046471600688467,2.0655737704918034,1.1020408163265305,1.9473684210526316,0.952054794520548,0
2006,Ecuador,Costa Rica,Home Win,1,-52.0,13,0,0,-11,-30,-1,0,-3,0,0,-1,0,0,1.0,369430000.0,0,-9,-1,0,0.9238653001464129,0.6629213483146067,0.8690476190476191,0.6538461538461539,1.040485829959514,0
2006,England,Trinidad and Tobago,Home Win,-3,137.0,-37,0,1,-53,-16,9,0,-23,1,7,4,0,2,2.599999999999998,1609900000.0,0,-5,11,1,1.2268211920529801,0.8383838383838383,0.4421052631578947,0.84375,1.105691056910569,0
2006,Sweden,Paraguay,Home Win,1,56.0,-17,0,1,3,50,4,0,0,0,4,0,0,3,-2.8000000000000007,221930000.0,0,4,4,0,1.0857580398162328,1.9433962264150944,1.0612244897959184,1.2222222222222223,0.9037800687285223,0
2006,Spain,Ukraine,Home Win,-2,147.0,-40,0,0,-7,42,7,0,-7,-1,4,5,0,0,0.0,1043300000.0,0,14,11,0,1.2413793103448276,1.9130434782608696,0.7666666666666667,1.9333333333333333,1.0,0
2006,Tunisia,Saudi Arabia,Draw,-4,42.0,-13,0,0,-15,-33,-1,0,-7,0,0,-1,0,0,-1.5999999999999979,20250000.0,0,-5,0,0,1.064516129032258,0.6972477064220184,0.7457627118644068,0.8387096774193549,0.9411764705882354,0
2006,Germany,Poland,Home Win,7,19.0,-10,0,7,12,5,10,1,-2,1,11,5,1,8,0.09999999999999787,562000000.0,0,-6,9,3,1.0280649926144756,1.0490196078431373,1.2222222222222223,0.8125,1.0036231884057971,1
2006,Korea Republic,Togo,Home Win,12,108.0,-32,0,0,8,59,1,0,5,0,1,1,0,1,2.5,110000000.0,0,13,6,0,1.1898066783831283,2.340909090909091,1.2162162162162162,1.7647058823529411,1.0984251968503937,0
2006,France,Switzerland,Draw,0,101.0,-27,1,1,-23,36,2,0,-6,1,2,1,1,4,-1.0999999999999979,1027900000.0,0,16,4,1,1.1558641975308641,1.5625,0.5,1.9411764705882353,0.960573476702509,0
2006,Brazil,Croatia,Home Win,3,141.0,-22,0,6,2,45,14,0,-1,1,10,6,0,8,-1.0999999999999979,576200000.0,0,8,15,5,1.2055393586005831,1.625,1.0444444444444445,1.3636363636363635,0.9609929078014185,0
2006,Australia,Japan,Home Win,-10,-93.0,24,0,0,-29,-10,-1,0,-9,0,0,-1,0,0,0.8000000000000007,-214170000.0,0,-13,-1,0,0.8680851063829788,0.9099099099099099,0.5396825396825397,0.6388888888888888,1.0304182509505704,0
2006,USA,Czechia,Away Win,8,-16.0,3,0,0,1,-5,4,0,3,0,2,3,0,1,-1.6999999999999993,177900000.0,0,5,7,0,0.9792746113989638,0.9557522123893806,1.027027027027027,1.1515151515151516,0.9392857142857143,0
2006,Italy,Ghana,Home Win,3,128.0,-35,1,5,-6,13,10,0,-8,1,8,7,1,7,-0.10000000000000142,647220000.0,1,10,15,3,1.2133333333333334,1.2241379310344827,0.8461538461538461,1.6666666666666667,0.9962406015037594,0
2006,Serbia and Montenegro,Netherlands,Away Win,0,-158.0,41,0,-2,12,-42,0,0,6,0,1,-3,0,-1,-0.10000000000000142,-471500000.0,0,-15,2,0,0.7942708333333334,0.5227272727272727,1.4,0.4642857142857143,0.9962962962962962,0
2006,Mexico,IR Iran,Home Win,5,72.0,-19,0,0,10,13,5,0,7,0,2,4,0,0,-1.3999999999999986,126920000.0,0,5,10,0,1.1049562682215743,1.1150442477876106,1.2272727272727273,1.15625,0.952054794520548,0
2006,Angola,Portugal,Away Win,2,-169.0,50,0,0,14,-43,-1,0,7,-1,-1,0,-1,-1,2.1999999999999993,-811800000.0,0,-10,-3,0,0.7746666666666666,0.5865384615384616,1.4,0.6551724137931034,1.0814814814814815,0
2006,England,Paraguay,Home Win,-9,88.0,-23,0,1,-7,30,6,0,-5,1,7,1,0,2,-1.9000000000000021,1478150000.0,0,9,5,1,1.1347626339969372,1.5660377358490567,0.8571428571428571,1.5,0.9347079037800686,0
2006,Trinidad and Tobago,Sweden,Draw,-7,-105.0,31,0,-1,43,-4,-7,0,18,0,-4,-3,0,-3,-1.6999999999999993,-353680000.0,0,10,-10,0,0.8519040902679831,0.9611650485436893,1.8269230769230769,1.4545454545454546,0.935361216730038,0
2006,Argentina,Côte D'Ivoire,Home Win,2,77.0,-23,0,4,21,30,10,0,2,1,6,5,0,4,2.0,366300000.0,0,10,13,2,1.1150971599402093,1.4477611940298507,1.6176470588235294,1.4761904761904763,1.0775193798449612,0
2006,Germany,Costa Rica,Home Win,3,13.0,-7,0,7,-18,18,14,1,-13,1,13,6,1,10,3.0,758100000.0,0,0,13,3,1.0190336749633968,1.202247191011236,0.7857142857142857,1.0,1.1214574898785425,1
2006,Poland,Ecuador,Away Win,-5,46.0,-10,0,0,-19,43,5,0,-8,0,2,2,0,2,1.9000000000000021,-173330000.0,0,15,5,0,1.0729001584786053,1.728813559322034,0.7397260273972602,1.8823529411764706,1.0739299610894943,0
2002,Germany,Brazil,Away Win,-2,-89.0,9,0,1,5,-44,0,0,0,0,2,0,0,1,1.4499999999999993,80640000.0,-1,-14,-2,-1,0.8864795918367347,0.6944444444444444,1.0943396226415094,0.631578947368421,1.054307116104869,0
2002,Korea Republic,Türkiye,Away Win,12,-51.0,18,0,0,27,49,0,1,4,0,0,0,0,0,-0.9100000000000001,80640000.0,0,13,4,0,0.9220183486238532,2.0652173913043477,1.8181818181818181,1.8666666666666667,0.967546362339515,0
2002,Brazil,Türkiye,Home Win,1,130.0,-20,1,5,20,98,14,0,3,0,10,6,0,8,-1.3399999999999999,80640000.0,1,23,15,4,1.198776758409786,3.130434782608696,1.606060606060606,2.533333333333333,0.9522111269614836,0
2002,Germany,Korea Republic,Home Win,-13,92.0,-29,1,6,-2,5,14,-1,-1,0,12,6,0,9,1.0199999999999996,80640000.0,0,-4,9,3,1.1525704809286899,1.0526315789473684,0.9666666666666667,0.8571428571428571,1.0375967563582749,0
2002,Spain,Korea Republic,Draw,-16,110.0,-32,0,0,-25,2,6,-1,-6,0,3,4,-1,0,-0.019999999999999574,80640000.0,0,-3,5,0,1.1824212271973467,1.0210526315789474,0.5833333333333334,0.8928571428571429,0.9992628086988574,0
2002,Senegal,Türkiye,Away Win,10,-55.0,20,0,0,13,33,0,0,2,0,0,0,-1,0,-2.8099999999999987,80640000.0,0,11,-1,0,0.9159021406727829,1.7173913043478262,1.393939393939394,1.7333333333333334,0.8997860199714693,0
2002,England,Brazil,Away Win,2,-90.0,10,-1,-4,-19,-79,-6,0,-4,0,-4,-3,-1,-6,0.46000000000000085,80640000.0,-1,-21,-6,-3,0.8852040816326531,0.4513888888888889,0.6415094339622641,0.4473684210526316,1.0172284644194758,0
2002,Germany,USA,Home Win,-3,5.0,-2,1,6,12,9,11,0,-3,0,11,4,1,8,-0.610000000000003,80640000.0,0,-6,8,3,1.0072463768115942,1.098901098901099,1.2608695652173914,0.8,0.978789986091794,0
2002,Japan,Türkiye,Away Win,4,-20.0,10,0,0,16,40,0,1,3,-1,0,0,-1,0,-2.2399999999999984,80640000.0,0,9,0,0,0.9694189602446484,1.8695652173913044,1.4848484848484849,1.6,0.9201141226818831,0
2002,Korea Republic,Italy,Home Win,12,-114.0,34,0,-5,34,42,-9,1,7,1,-8,-6,1,-7,-1.0199999999999996,80640000.0,0,7,-9,-3,0.8410041841004184,1.7924528301886793,2.3076923076923075,1.3333333333333333,0.963765541740675,0
2002,Mexico,USA,Away Win,3,26.0,-6,0,0,44,41,1,0,9,-1,1,1,0,-1,0.22999999999999687,80640000.0,0,11,5,0,1.03768115942029,1.4505494505494505,1.9565217391304348,1.3666666666666667,1.0079972183588315,0
2002,Brazil,Belgium,Home Win,0,131.0,-21,1,5,10,78,8,0,2,1,9,1,1,7,-2.75,80640000.0,1,21,6,4,1.2006125574272588,2.1818181818181817,1.2325581395348837,2.235294117647059,0.9066213921901528,0
2002,Sweden,Senegal,Away Win,-5,66.0,-23,0,1,-17,-15,6,0,-4,-1,4,2,0,3,1.9899999999999984,80640000.0,0,-2,9,0,1.1101836393989983,0.810126582278481,0.6304347826086957,0.9230769230769231,1.0788743559254854,0
2002,Spain,Republic of Ireland,Draw,-2,39.0,-7,0,0,7,31,4,0,1,1,2,2,0,0,-0.370000000000001,80640000.0,0,4,8,0,1.0578635014836795,1.4696969696969697,1.25,1.1904761904761905,0.9865356622998545,0
2002,Germany,Paraguay,Home Win,-4,24.0,-7,1,6,0,34,12,0,-1,1,12,4,1,9,-0.05000000000000071,80640000.0,0,3,9,3,1.0357675111773472,1.5151515151515151,1.0,1.1428571428571428,0.99822695035461,0
2002,Denmark,England,Away Win,-3,-37.0,8,0,-1,4,-3,-6,0,1,-1,-5,-1,0,-2,0.8000000000000007,80640000.0,0,3,-8,-1,0.946685878962536,0.9538461538461539,1.1176470588235294,1.1764705882352942,1.0294550810014729,0
2002,Tunisia,Japan,Away Win,1,1.0,-1,0,0,-5,-1,0,-1,-2,0,0,0,0,0,1.6799999999999997,80640000.0,0,-1,1,0,1.001577287066246,0.9883720930232558,0.8979591836734694,0.9583333333333334,1.0651162790697675,0
2002,Belgium,Russia,Home Win,2,9.0,-5,0,0,3,7,6,0,1,0,1,5,0,1,1.6499999999999986,80640000.0,0,-1,9,0,1.013975155279503,1.11864406779661,1.075,0.9444444444444444,1.0593525179856114,0
2002,Portugal,Korea Republic,Away Win,-14,123.0,-35,0,0,-27,14,1,-1,-9,-1,1,0,-1,1,1.1600000000000001,80640000.0,0,0,-3,0,1.2039800995024876,1.1473684210526316,0.55,1.0,1.0427570954662735,0
2002,Poland,USA,Home Win,-1,-75.0,25,0,0,-5,-28,2,0,-6,-1,1,0,0,1,0.019999999999999574,80640000.0,0,-9,-1,0,0.8913043478260869,0.6923076923076923,0.8913043478260869,0.7,1.0006954102920722,0
2002,Costa Rica,Brazil,Away Win,1,-141.0,27,-1,-5,8,-41,-13,0,3,-1,-10,-5,-1,-8,0.7899999999999991,80640000.0,-1,-11,-15,-4,0.8201530612244898,0.7152777777777778,1.150943396226415,0.7105263157894737,1.0295880149812733,0
2002,Türkiye,China PR,Home Win,-1,88.0,-28,0,0,-14,-80,0,0,-4,1,0,0,1,0,1.3900000000000006,80640000.0,0,-14,1,0,1.1554770318021201,0.36507936507936506,0.7021276595744681,0.5172413793103449,1.0521575984990619,0
2002,Mexico,Italy,Draw,5,-1.0,1,0,-5,64,79,-5,0,18,0,-6,-3,0,-7,0.8399999999999999,80640000.0,0,20,-3,-3,0.99860529986053,2.490566037735849,3.4615384615384617,1.9523809523809523,1.0298401420959147,0
2002,Ecuador,Croatia,Home Win,-4,-31.0,15,0,0,19,9,-1,0,11,0,-1,-1,0,-1,-0.25,80640000.0,0,6,-1,0,0.9526717557251908,1.18,1.5135135135135136,1.4285714285714286,0.9911126910771418,0
2002,Sweden,Argentina,Draw,6,-119.0,16,0,-3,-5,-6,-4,0,3,0,-2,-3,0,-1,-1.6099999999999994,80640000.0,0,1,-3,-2,0.8482142857142857,0.9142857142857143,0.8529411764705882,1.0434782608695652,0.9441553936871315,0
2002,Nigeria,England,Draw,-2,-50.0,15,0,-1,2,6,-6,0,-2,-1,-6,-1,0,-2,-3.2399999999999984,80640000.0,0,9,-8,-1,0.9279538904899135,1.0923076923076922,1.0588235294117647,1.5294117647058822,0.8807069219440354,0
2002,South Africa,Spain,Away Win,10,-90.0,29,0,0,15,-25,-6,0,6,-1,-3,-4,0,0,-0.33999999999999986,80640000.0,0,5,-9,0,0.8737727910238429,0.7422680412371134,1.4285714285714286,1.2,0.9874585023976392,0
2002,Slovenia,Paraguay,Away Win,2,-22.0,7,0,0,-5,-2,-2,0,-4,0,0,-2,0,0,0.370000000000001,80640000.0,0,-3,-5,0,0.9672131147540983,0.9696969696969697,0.9137931034482759,0.8571428571428571,1.0131205673758865,0
2002,Denmark,France,Home Win,1,-145.0,19,0,-1,-1,-39,-4,0,4,0,-4,-2,0,-4,-0.879999999999999,80640000.0,0,-13,-8,-1,0.8192019950124688,0.6138613861386139,0.9743589743589743,0.6060606060606061,0.9694868238557559,0
2002,Senegal,Uruguay,Draw,9,-53.0,18,0,-1,-4,23,-7,0,-3,1,-4,-2,0,-3,-0.5300000000000011,80640000.0,0,8,-9,-2,0.9187116564417178,1.4107142857142858,0.92,1.4444444444444444,0.9794254658385093,0
2002,Saudi Arabia,Republic of Ireland,Away Win,4,-47.0,19,0,0,45,90,-1,0,10,0,-1,-1,0,0,-1.1799999999999997,80640000.0,0,27,0,0,0.93026706231454,2.3636363636363638,2.607142857142857,2.2857142857142856,0.9570596797671034,0
2002,Cameroon,Germany,Away Win,3,-23.0,6,-1,-6,-33,-35,-13,0,-8,-1,-11,-5,-1,-9,-2.75,80640000.0,0,-1,-10,-3,0.9669064748201439,0.65,0.43103448275862066,0.9583333333333334,0.9023090586145648,0
2002,Korea Republic,USA,Draw,10,-87.0,27,0,0,14,4,-3,1,-2,0,-1,-2,1,-1,-1.6300000000000026,80640000.0,0,-2,-1,0,0.8739130434782608,1.043956043956044,1.3043478260869565,0.9333333333333333,0.9433240611961056,0
2002,Tunisia,Belgium,Draw,4,-18.0,8,0,0,1,19,-6,0,0,0,-1,-5,0,-1,-1.9699999999999989,80640000.0,0,6,-8,0,0.9724349157733537,1.2878787878787878,1.0232558139534884,1.3529411764705883,0.9331069609507641,0
2002,Portugal,Poland,Home Win,-3,111.0,-33,0,0,-8,46,-4,0,-5,0,-1,-2,0,-1,-0.490000000000002,80640000.0,0,7,-3,0,1.1804878048780487,1.7301587301587302,0.8048780487804879,1.3333333333333333,0.9829742876997914,0
2002,Mexico,Ecuador,Home Win,3,92.0,-29,0,0,34,73,4,0,7,0,2,3,0,0,1.1099999999999994,80640000.0,0,21,11,0,1.1474358974358974,2.23728813559322,1.6071428571428572,2.05,1.0398134863701578,0
2002,Costa Rica,Türkiye,Draw,2,-11.0,7,0,0,28,57,1,0,6,-1,0,1,-1,0,-0.5500000000000007,80640000.0,0,12,0,0,0.9831804281345565,2.239130434782609,1.8484848484848484,1.8,0.9803851640513552,0
2002,Japan,Russia,Home Win,5,-10.0,4,0,0,9,27,0,1,3,0,0,0,0,0,-2.0,80640000.0,0,6,0,0,0.984472049689441,1.4576271186440677,1.225,1.3333333333333333,0.9280575539568345,0
2002,South Africa,Slovenia,Home Win,1,-26.0,12,0,0,-3,8,0,0,4,0,0,0,0,0,-1.8000000000000007,80640000.0,0,12,1,0,0.9599383667180277,1.125,0.9433962264150944,1.6666666666666667,0.9369968498424921,0
2002,Italy,Croatia,Away Win,-6,62.0,-15,0,5,-11,3,8,0,0,0,7,5,0,6,0.019999999999999574,80640000.0,0,7,13,3,1.0946564885496184,1.06,0.7027027027027027,1.5,1.0007109847138287,0
2002,Brazil,China PR,Home Win,0,218.0,-48,1,5,6,18,14,0,-1,1,10,6,1,8,0.05000000000000071,80640000.0,1,9,16,4,1.3851590106007068,1.1428571428571428,1.127659574468085,1.3103448275862069,1.00187617260788,0
2002,Sweden,Nigeria,Home Win,4,21.0,-8,0,1,-7,-7,4,0,1,0,4,0,0,3,3.299999999999997,80640000.0,0,-2,7,0,1.0326086956521738,0.9014084507042254,0.8055555555555556,0.9230769230769231,1.1379598662207357,0
2002,Spain,Paraguay,Home Win,-7,42.0,-10,0,0,-23,31,4,0,-6,1,3,2,0,0,-1.0899999999999999,80640000.0,0,4,5,0,1.0625931445603576,1.4696969696969697,0.603448275862069,1.1904761904761905,0.9613475177304964,0
2002,Argentina,England,Away Win,-4,90.0,-9,0,3,0,5,2,0,-4,-1,0,2,0,2,1.6699999999999982,80640000.0,0,6,2,1,1.1296829971181557,1.0769230769230769,1.0,1.3529411764705883,1.0614874815905744,0
2002,Denmark,Senegal,Draw,-10,58.0,-22,0,0,-8,-17,2,0,-2,-1,1,2,0,0,2.7300000000000004,80640000.0,0,-6,2,0,1.0968280467445743,0.7848101265822784,0.8260869565217391,0.7692307692307693,1.1082045184304399,0
2002,Cameroon,Saudi Arabia,Home Win,0,45.0,-17,0,0,-48,-91,0,0,-12,0,1,0,0,0,-0.9000000000000021,80640000.0,0,-25,2,0,1.0717703349282297,0.4166666666666667,0.3424657534246575,0.4791666666666667,0.9657794676806083,0
2002,France,Uruguay,Draw,-2,150.0,-23,0,0,-11,45,-1,0,-9,0,1,2,0,1,3.0799999999999983,80640000.0,0,15,1,-1,1.2300613496932515,1.8035714285714286,0.78,1.8333333333333333,1.1195652173913042,0
2002,Russia,Tunisia,Home Win,-6,9.0,-3,0,0,-4,-26,0,0,-1,0,0,0,0,0,0.3200000000000003,80640000.0,0,-5,-1,0,1.0141732283464566,0.6941176470588235,0.9090909090909091,0.782608695652174,1.0116448326055314,0
2002,USA,Portugal,Home Win,4,-36.0,8,0,0,13,-18,2,0,11,1,0,2,0,0,0.4700000000000024,80640000.0,0,2,4,0,0.9504132231404959,0.8348623853211009,1.393939393939394,1.0714285714285714,1.0166136443973137,0
2002,Germany,Republic of Ireland,Draw,1,21.0,-4,1,6,30,34,12,0,6,1,11,4,1,9,0.6699999999999982,80640000.0,0,3,12,3,1.0311572700296736,1.5151515151515151,2.0714285714285716,1.1428571428571428,1.024381368267831,0
2002,China PR,Costa Rica,Away Win,-1,-77.0,21,0,0,-14,23,-1,0,-2,0,0,-1,0,0,-0.8399999999999999,80640000.0,0,2,-1,0,0.880248833592535,1.2233009708737863,0.7704918032786885,1.0740740740740742,0.9694434339759913,0
2002,Japan,Belgium,Draw,3,-19.0,9,0,0,6,20,-6,1,2,0,-1,-5,0,-1,-3.6499999999999986,80640000.0,0,7,-9,0,0.9709035222052067,1.303030303030303,1.1395348837209303,1.411764705882353,0.8760611205432938,0
2002,Korea Republic,Poland,Home Win,11,-12.0,2,0,0,19,32,-5,1,4,1,-2,-2,1,-2,-1.6500000000000021,80640000.0,0,7,0,0,0.9804878048780488,1.507936507936508,1.4634146341463414,1.3333333333333333,0.9426685198054203,0
2002,Croatia,Mexico,Away Win,1,-61.0,14,0,0,-53,-82,-3,0,-18,0,-1,-2,0,1,-0.8599999999999994,80640000.0,0,-27,-10,0,0.914804469273743,0.3787878787878788,0.4111111111111111,0.34146341463414637,0.9703345981372887,0
2002,Brazil,Türkiye,Home Win,1,130.0,-20,1,5,20,98,14,0,3,0,10,6,0,8,-1.3399999999999999,80640000.0,1,23,15,4,1.198776758409786,3.130434782608696,1.606060606060606,2.533333333333333,0.9522111269614836,0
2002,Italy,Ecuador,Home Win,-2,93.0,-30,0,5,-30,-6,9,0,-11,0,8,6,0,7,0.2699999999999996,80640000.0,0,1,14,3,1.1490384615384615,0.8983050847457628,0.4642857142857143,1.05,1.009684361549498,0
2002,Argentina,Nigeria,Home Win,-2,140.0,-24,0,4,-2,-1,8,0,-2,0,6,3,0,4,4.909999999999997,80640000.0,0,-3,10,2,1.2173913043478262,0.9859154929577465,0.9444444444444444,0.8846153846153846,1.205267558528428,0
2002,Paraguay,South Africa,Draw,-3,48.0,-19,0,0,8,-6,2,0,0,0,0,2,0,0,1.4299999999999997,80640000.0,0,-9,4,0,1.0770465489566614,0.9166666666666666,1.16,0.7,1.0534180052297348,0
2002,England,Sweden,Draw,-2,29.0,-7,0,0,5,1,2,0,1,1,2,1,0,-1,-0.05999999999999872,80640000.0,0,-7,1,1,1.043609022556391,1.015625,1.1724137931034482,0.7083333333333334,0.9977957384276268,0
2002,Spain,Slovenia,Home Win,-9,64.0,-17,0,0,-18,33,6,0,-2,1,3,4,0,0,-1.4600000000000009,80640000.0,0,7,10,0,1.0986132511556241,1.515625,0.660377358490566,1.3888888888888888,0.9488974448722436,0
2002,Republic of Ireland,Cameroon,Draw,-4,2.0,-2,0,0,3,1,1,0,2,0,0,1,0,0,2.080000000000002,80640000.0,0,-2,-2,0,1.0029761904761905,1.0153846153846153,1.12,0.9130434782608695,1.0818897637795277,0
2002,Uruguay,Denmark,Away Win,1,-5.0,4,0,1,12,-6,5,0,5,0,3,0,0,3,-2.1999999999999993,80640000.0,0,-2,7,2,0.9923896499238964,0.9032258064516129,1.3157894736842106,0.9,0.9213161659513591,0
2002,Germany,Saudi Arabia,Home Win,-3,68.0,-23,1,6,-15,-56,13,0,-4,1,12,5,1,9,1.8499999999999979,80640000.0,0,-24,12,3,1.1084529505582137,0.6410256410256411,0.7945205479452054,0.5,1.070342205323194,0
2002,France,Senegal,Away Win,-11,203.0,-41,0,1,-7,22,6,0,-6,-1,5,4,0,4,3.6099999999999994,80640000.0,0,7,10,1,1.33889816360601,1.2784810126582278,0.8478260869565217,1.2692307692307692,1.143083630598494,0
